ontologyterm,datasets
1000011,1000002
1000012,1000002
1000013,1000002
1000014,1000002
1000015,1000002
1000016,1000002
1000017,1000002
1000018,1000002
1000019,1000002
1000020,1000002
1000021,1000002
1000022,1000002
1000023,1000002
1000081,1000002
1000086,1000002
1000087,1000002
1000100,1000002
1000101,1000002
1000102,1000002
1000103,1000002
1000104,1000002
1000105,1000002
1000106,1000002
1000132,1000002
1000133,1000002
1000134,1000002
1000135,1000002
1000145,1000002
1000146,1000002
1000155,1000002
1000156,1000002
1000157,1000002
1000158,1000002
1000159,1000002
1000160,1000002
1000181,1000002
1000190,1000002
1000191,1000002
1000192,1000002
1000193,1000002
1000194,1000002
1000195,1000002
1000196,1000002
1000197,1000002
1000198,1000002
1000199,1000002
1000200,1000002
1000201,1000002
1000202,1000002
1000224,1000002
1000225,1000002
1000226,1000002
1000235,1000002
1000236,1000002
1000245,1000002
1000260,1000002
1000261,1000002
1000291,1000002
1000292,1000002
1000293,1000002
1000294,1000002
1000308,1000002
1000309,1000002
1000310,1000002
1000377,1000002
1000392,1000002
1000393,1000002
1000394,1000002
1000395,1000002
1000426,1000002
1000427,1000002
1000428,1000002
1000429,1000002
1000439,1000002
1000440,1000002
1000441,1000002
1000478,1000002
1000489,1000002
1000490,1000002
1000491,1000002
1000492,1000002
1000493,1000002
1000510,1000002
1000511,1000002
1000529,1000002
1000530,1000002
1000531,1000002
1000543,1000002
1000544,1000002
1000545,1000002
1000546,1000002
1000547,1000002
1000560,1000002
1000561,1000002
1000562,1000002
1000574,1000002
1000575,1000002
1000589,1000002
1000593,1000002
1000610,1000002
1000611,1000002
1000631,1000002
1000642,1000002
1000661,1000002
1000662,1000002
1000688,1000002
1000718,1000002
1000719,1000002
1000720,1000002
1000721,1000002
1000722,1000002
1000794,1000002
1000826,1000002
1000838,1000002
1000880,1000002
1000890,1000002
1000891,1000002
1000892,1000002
1000907,1000002
1000920,1000002
1000921,1000002
1000922,1000002
1000974,1000002
1000999,1000002
1001000,1000002
1001013,1000002
1001014,1000002
1001049,1001024
1001053,1001024
1001056,1001024
1001088,1001024
1001100,1001024
1001104,1001024
1001107,1001024
1001142,1001024
1001150,1001024
1001165,1001024
1001169,1001024
1001176,1001024
1001180,1001024
1001183,1001024
1001218,1001024
1001223,1001024
1001226,1001024
1001229,1001024
1001251,1001024
1001282,1001024
1001299,1001024
1001303,1001024
1001308,1001024
1001383,1001024
1001413,1001024
1001428,1001024
1001432,1001024
1001438,1001024
1001439,1001024
1001442,1001024
1001448,1001024
1001451,1001024
1001458,1001024
1001462,1001024
1001479,1001024
1001483,1001024
1001494,1001024
1001500,1001024
1001552,1001024
1001553,1001024
1001600,1001024
1001604,1001024
1001618,1001024
1001621,1001024
1001625,1001024
1001630,1001024
1001633,1001024
1001636,1001024
1001664,1001024
1001668,1001024
1001673,1001024
1001676,1001024
1001704,1001024
1001716,1001024
1001720,1001024
1001742,1001024
1001745,1001024
1001748,1001024
1001773,1001024
1001793,1001024
1001796,1001024
1001844,1001024
1001850,1001024
1001859,1001024
1001863,1001024
1001873,1001024
1001877,1001024
1001880,1001024
1001885,1001024
1001888,1001024
1001912,1001024
1001915,1001024
1001918,1001024
1001942,1001024
1001965,1001024
1001981,1001024
1001985,1001024
1001998,1001024
1002003,1001024
1002008,1001024
1002020,1001024
1002031,1001024
1002042,1001024
1002046,1001024
1002059,1001024
1002073,1001024
1002079,1001024
1002158,1001024
1002159,1001024
1002167,1001024
1002175,1001024
1002183,1001024
1002187,1001024
1002190,1001024
1002205,1001024
1002224,1001024
1002287,1001024
1002290,1001024
1002293,1001024
1002374,1001024
1002385,1001024
1002389,1001024
1002392,1001024
1002402,1001024
1002405,1001024
1002409,1001024
1002412,1001024
1002415,1001024
1002456,1001024
1002462,1001024
1002465,1001024
1002468,1001024
1002473,1001024
1002495,1001024
1002498,1001024
1002501,1001024
1002598,1001024
1002602,1001024
1002613,1001024
1002616,1001024
1002657,1001024
1002663,1001024
1002688,1001024
1002701,1001024
1002792,1001024
1002795,1001024
1002799,1001024
1002802,1001024
1002861,1001024
1002941,1001024
1002945,1001024
1002957,1001024
1002961,1001024
1002976,1001024
1003000,1001024
1003006,1001024
1003023,1001024
1003043,1001024
1003133,1001024
1003145,1001024
1003217,1001024
1003220,1001024
1003223,1001024
1003267,1001024
1003272,1001024
1003279,1001024
1003338,1001024
1003367,1001024
1003419,1001024
1003423,1001024
1003527,1001024
1003531,1001024
1003540,1001024
1003554,1001024
1003558,1001024
1003563,1001024
1003581,1001024
1003585,1001024
1003588,1001024
1003593,1001024
1003736,1001024
1003740,1001024
1003784,1001024
1003790,1001024
1003841,1001024
1003966,1001024
1003973,1001024
1004138,1001024
1004149,1001024
1004152,1001024
1004156,1001024
1004161,1001024
1004185,1001024
1004186,1001024
1004189,1001024
1004217,1001024
1004227,1001024
1004228,1001024
1004295,1001024
1004398,1001024
1004401,1001024
1004490,1001024
1004491,1001024
1004492,1001024
1004500,1001024
1004504,1001024
1004531,1001024
1004534,1001024
1004685,1001024
1004766,1001024
1004770,1001024
1004780,1001024
1004783,1001024
1004892,1001024
1005031,1001024
1005238,1001024
1005332,1001024
1005390,1001024
1005393,1001024
1005400,1001024
1005404,1001024
1005417,1001024
1005420,1001024
1005433,1001024
1005478,1001024
1005494,1001024
1005536,1001024
1005539,1001024
1005543,1001024
1005557,1001024
1005561,1001024
1005564,1001024
1005635,1001024
1005641,1001024
1005644,1001024
1005649,1001024
1005697,1001024
1005723,1001024
1005726,1001024
1005827,1001024
1005869,1001024
1005925,1001024
1005929,1001024
1005978,1001024
1005982,1001024
1005992,1001024
1005997,1001024
1006021,1001024
1006027,1001024
1006178,1001024
1006182,1001024
1006214,1001024
1006298,1001024
1006349,1001024
1006398,1001024
1006402,1001024
1006405,1001024
1006410,1001024
1006484,1001024
1006485,1001024
1006500,1001024
1006574,1001024
1006600,1001024
1006649,1001024
1006685,1001024
1006788,1001024
1006794,1001024
1006865,1001024
1006887,1001024
1006891,1001024
1007031,1001024
1007064,1001024
1007192,1001024
1007195,1001024
1007275,1001024
1007339,1001024
1007349,1001024
1007353,1001024
1007356,1001024
1007383,1001024
1007387,1001024
1007390,1001024
1007414,1001024
1007418,1001024
1007477,1001024
1007541,1001024
1007608,1001024
1007614,1001024
1007617,1001024
1007639,1001024
1007667,1001024
1007700,1001024
1007733,1001024
1007852,1001024
1007855,1001024
1007876,1001024
1007880,1001024
1007883,1001024
1007957,1001024
1008132,1001024
1008143,1001024
1008146,1001024
1008155,1001024
1008159,1001024
1008197,1001024
1008202,1001024
1008272,1001024
1008276,1001024
1008288,1001024
1008337,1001024
1008343,1001024
1008350,1001024
1008354,1001024
1008357,1001024
1008491,1001024
1008495,1001024
1008498,1001024
1008688,1001024
1008691,1001024
1008746,1001024
1008783,1001024
1008791,1001024
1008813,1001024
1008816,1001024
1008823,1001024
1008826,1001024
1008830,1001024
1009062,1001024
1009143,1001024
1009146,1001024
1009153,1001024
1009200,1001024
1009279,1001024
1009432,1001024
1009435,1001024
1009438,1001024
1009441,1001024
1009444,1001024
1009496,1001024
1009608,1001024
1009641,1001024
1009644,1001024
1009657,1001024
1009756,1001024
1009768,1001024
1009774,1001024
1009777,1001024
1009852,1001024
1010144,1001024
1010267,1001024
1010270,1001024
1010273,1001024
1010301,1001024
1010302,1001024
1010305,1001024
1010309,1001024
1010312,1001024
1010337,1001024
1010365,1001024
1010504,1001024
1010508,1001024
1010642,1001024
1010647,1001024
1010750,1001024
1010777,1001024
1010787,1001024
1010790,1001024
1010793,1001024
1010802,1001024
1010810,1001024
1010905,1001024
1010925,1001024
1010937,1001024
1010945,1001024
1011006,1001024
1011012,1001024
1011015,1001024
1011095,1001024
1011102,1001024
1011105,1001024
1011159,1001024
1011344,1001024
1011350,1001024
1011362,1001024
1011394,1001024
1011397,1001024
1011435,1001024
1011461,1001024
1011464,1001024
1011475,1001024
1011478,1001024
1011525,1001024
1011621,1001024
1011833,1001024
1011904,1001024
1011907,1001024
1011910,1001024
1011935,1001024
1011939,1001024
1011951,1001024
1011954,1001024
1011991,1001024
1012093,1001024
1012097,1001024
1012212,1001024
1012218,1001024
1012242,1001024
1012246,1001024
1012453,1001024
1012457,1001024
1012476,1001024
1012652,1001024
1012655,1001024
1012845,1001024
1012851,1001024
1012898,1001024
1012905,1001024
1013019,1001024
1013043,1001024
1013049,1001024
1013057,1001024
1013061,1001024
1013064,1001024
1013187,1001024
1013407,1001024
1013420,1001024
1013424,1001024
1013578,1001024
1013759,1001024
1013762,1001024
1013977,1001024
1013984,1001024
1014009,1001024
1014018,1001024
1014032,1001024
1014055,1001024
1014145,1001024
1014149,1001024
1014171,1001024
1014218,1001024
1014221,1001024
1014532,1001024
1014536,1001024
1014539,1001024
1014542,1001024
1014591,1001024
1014817,1001024
1014870,1001024
1014878,1001024
1014903,1001024
1015067,1001024
1015072,1001024
1015093,1001024
1015097,1001024
1015450,1001024
1015614,1001024
1015617,1001024
1015640,1001024
1015644,1001024
1015647,1001024
1015650,1001024
1015732,1001024
1015735,1001024
1015787,1001024
1015817,1001024
1015893,1001024
1015897,1001024
1015900,1001024
1016250,1001024
1016282,1001024
1016306,1001024
1016447,1001024
1016530,1001024
1016531,1001024
1016537,1001024
1016641,1001024
1016896,1001024
1016917,1001024
1016923,1001024
1016952,1001024
1016973,1001024
1016977,1001024
1016988,1001024
1017057,1001024
1017400,1001024
1017403,1001024
1017407,1001024
1017457,1001024
1017491,1001024
1017494,1001024
1017522,1001024
1017614,1001024
1017618,1001024
1017623,1001024
1017641,1001024
1017662,1001024
1017670,1001024
1017750,1001024
1017754,1001024
1017995,1001024
1018050,1001024
1018058,1001024
1018156,1001024
1018162,1001024
1018167,1001024
1018382,1001024
1018495,1001024
1018504,1001024
1018563,1001024
1018664,1001024
1018752,1001024
1018786,1001024
1018808,1001024
1018812,1001024
1018827,1001024
1018830,1001024
1019272,1001024
1019297,1001024
1019680,1001024
1019687,1001024
1019703,1001024
1019747,1001024
1019771,1001024
1019774,1001024
1019953,1001024
1019956,1001024
1019959,1001024
1019966,1001024
1019978,1001024
1020036,1001024
1020041,1001024
1020330,1001024
1020334,1001024
1020379,1001024
1020382,1001024
1020457,1001024
1020568,1001024
1020700,1001024
1020720,1001024
1020735,1001024
1020909,1001024
1020978,1001024
1020981,1001024
1021059,1001024
1021111,1001024
1021114,1001024
1021257,1001024
1021434,1001024
1021555,1001024
1021559,1001024
1021936,1001024
1021997,1001024
1022160,1001024
1022168,1001024
1022626,1001024
1022673,1001024
1022725,1001024
1022728,1001024
1022819,1001024
1023092,1001024
1023096,1001024
1023099,1001024
1023102,1001024
1023132,1001024
1023217,1001024
1023221,1001024
1023236,1001024
1023372,1001024
1023442,1001024
1023445,1001024
1023509,1001024
1023731,1001024
1023820,1001024
1023825,1001024
1023865,1001024
1023873,1001024
1023876,1001024
1023936,1001024
1024068,1001024
1024074,1001024
1024094,1001024
1024097,1001024
1025102,1001024
1025123,1001024
1025278,1001024
1025303,1001024
1025395,1001024
1025461,1001024
1025558,1001024
1025611,1001024
1025615,1001024
1025832,1001024
1025973,1001024
1025989,1001024
1026013,1001024
1026014,1001024
1026017,1001024
1026021,1001024
1026465,1001024
1026468,1001024
1026472,1001024
1026475,1001024
1026654,1001024
1026766,1001024
1026817,1001024
1026889,1001024
1026893,1001024
1026900,1001024
1026905,1001024
1026926,1001024
1026932,1001024
1027004,1001024
1027010,1001024
1027042,1001024
1027131,1001024
1027300,1001024
1027303,1001024
1027307,1001024
1027310,1001024
1027346,1001024
1027402,1001024
1027405,1001024
1027701,1001024
1027763,1001024
1027810,1001024
1027814,1001024
1027876,1001024
1028147,1001024
1028151,1001024
1028756,1001024
1028794,1001024
1028797,1001024
1028988,1001024
1029007,1001024
1029011,1001024
1029018,1001024
1029036,1001024
1029043,1001024
1029162,1001024
1029174,1001024
1029233,1001024
1029362,1001024
1029365,1001024
1029397,1001024
1029423,1001024
1029427,1001024
1029432,1001024
1029536,1001024
1029579,1001024
1029585,1001024
1029770,1001024
1029809,1001024
1029905,1001024
1030119,1001024
1030133,1001024
1030292,1001024
1030298,1001024
1030515,1001024
1030653,1001024
1031058,1001024
1031148,1001024
1031186,1001024
1031189,1001024
1031298,1001024
1031485,1001024
1031621,1001024
1031625,1001024
1000081,2000001
2000002,2000001
2000009,2000001
2000012,2000001
