synonym,datasets
1000094,1000002
1000095,1000002
1000127,1000002
1000141,1000002
1000152,1000002
1000217,1000002
1000218,1000002
1000219,1000002
1000232,1000002
1000251,1000002
1000252,1000002
1000253,1000002
1000268,1000002
1000269,1000002
1000279,1000002
1000370,1000002
1000371,1000002
1000372,1000002
1000373,1000002
1000374,1000002
1000422,1000002
1000482,1000002
1000483,1000002
1000503,1000002
1000504,1000002
1000525,1000002
1000526,1000002
1000557,1000002
1000568,1000002
1000569,1000002
1000581,1000002
1000596,1000002
1000597,1000002
1000605,1000002
1000618,1000002
1000619,1000002
1000620,1000002
1000653,1000002
1000671,1000002
1000672,1000002
1000685,1000002
1000694,1000002
1000711,1000002
1000768,1000002
1000769,1000002
1000770,1000002
1000778,1000002
1000789,1000002
1000833,1000002
1000854,1000002
1000855,1000002
1000864,1000002
1000875,1000002
1000876,1000002
1000886,1000002
1000901,1000002
1000915,1000002
1000959,1000002
1000960,1000002
1000980,1000002
1001006,1000002
1001007,1000002
1001020,1000002
1001021,1000002
1001022,1000002
1001037,1001024
1001261,1001024
1001262,1001024
1001276,1001024
1001372,1001024
1001512,1001024
1001521,1001024
1001616,1001024
1001660,1001024
1001689,1001024
1001766,1001024
1001777,1001024
1001896,1001024
1001905,1001024
1002063,1001024
1002087,1001024
1002163,1001024
1002243,1001024
1002316,1001024
1002367,1001024
1002446,1001024
1002582,1001024
1002705,1001024
1002817,1001024
1002828,1001024
1002909,1001024
1002910,1001024
1002919,1001024
1002929,1001024
1002973,1001024
1003057,1001024
1003062,1001024
1003071,1001024
1003091,1001024
1003192,1001024
1003201,1001024
1003245,1001024
1003323,1001024
1003333,1001024
1003353,1001024
1003459,1001024
1003469,1001024
1003513,1001024
1003514,1001024
1003614,1001024
1003730,1001024
1003731,1001024
1003753,1001024
1003858,1001024
1004093,1001024
1004210,1001024
1004324,1001024
1004440,1001024
1004555,1001024
1004570,1001024
1004678,1001024
1004728,1001024
1004729,1001024
1004813,1001024
1004834,1001024
1004878,1001024
1004879,1001024
1004931,1001024
1004940,1001024
1004977,1001024
1005059,1001024
1005060,1001024
1005061,1001024
1005068,1001024
1005069,1001024
1005134,1001024
1005221,1001024
1005446,1001024
1005462,1001024
1005463,1001024
1005476,1001024
1005607,1001024
1005744,1001024
1005766,1001024
1005767,1001024
1005821,1001024
1005891,1001024
1005900,1001024
1005951,1001024
1005952,1001024
1006012,1001024
1006017,1001024
1006035,1001024
1006149,1001024
1006207,1001024
1006261,1001024
1006276,1001024
1006281,1001024
1006320,1001024
1006381,1001024
1006481,1001024
1006493,1001024
1006619,1001024
1006743,1001024
1006744,1001024
1006750,1001024
1006772,1001024
1006901,1001024
1006914,1001024
1006944,1001024
1007008,1001024
1007041,1001024
1007086,1001024
1007087,1001024
1007163,1001024
1007173,1001024
1007296,1001024
1007317,1001024
1007326,1001024
1007435,1001024
1007454,1001024
1007565,1001024
1007570,1001024
1007580,1001024
1007581,1001024
1007593,1001024
1007647,1001024
1007720,1001024
1007729,1001024
1007798,1001024
1007819,1001024
1007820,1001024
1007896,1001024
1007989,1001024
1008042,1001024
1008124,1001024
1008259,1001024
1008314,1001024
1008315,1001024
1008375,1001024
1008544,1001024
1008597,1001024
1008720,1001024
1008849,1001024
1008970,1001024
1008971,1001024
1008981,1001024
1009000,1001024
1009089,1001024
1009116,1001024
1009117,1001024
1009260,1001024
1009269,1001024
1009287,1001024
1009327,1001024
1009328,1001024
1009333,1001024
1009380,1001024
1009403,1001024
1009523,1001024
1009554,1001024
1009680,1001024
1009681,1001024
1009691,1001024
1009810,1001024
1009815,1001024
1009821,1001024
1009872,1001024
1009957,1001024
1010176,1001024
1010177,1001024
1010185,1001024
1010324,1001024
1010330,1001024
1010345,1001024
1010386,1001024
1010387,1001024
1010388,1001024
1010581,1001024
1010666,1001024
1010687,1001024
1010822,1001024
1010874,1001024
1010954,1001024
1010955,1001024
1010960,1001024
1010974,1001024
1011030,1001024
1011129,1001024
1011223,1001024
1011248,1001024
1011249,1001024
1011258,1001024
1011378,1001024
1011387,1001024
1011405,1001024
1011509,1001024
1011533,1001024
1011584,1001024
1011585,1001024
1011629,1001024
1011638,1001024
1011663,1001024
1011765,1001024
1011888,1001024
1011897,1001024
1012028,1001024
1012084,1001024
1012155,1001024
1012189,1001024
1012190,1001024
1012264,1001024
1012313,1001024
1012407,1001024
1012485,1001024
1012490,1001024
1012491,1001024
1012505,1001024
1012543,1001024
1012699,1001024
1012714,1001024
1012813,1001024
1012942,1001024
1012965,1001024
1013099,1001024
1013196,1001024
1013206,1001024
1013330,1001024
1013438,1001024
1013544,1001024
1013586,1001024
1013677,1001024
1013803,1001024
1013804,1001024
1013818,1001024
1013828,1001024
1013917,1001024
1014067,1001024
1014077,1001024
1014179,1001024
1014188,1001024
1014241,1001024
1014322,1001024
1014457,1001024
1014528,1001024
1014706,1001024
1014723,1001024
1014842,1001024
1014992,1001024
1015006,1001024
1015123,1001024
1015186,1001024
1015249,1001024
1015254,1001024
1015290,1001024
1015362,1001024
1015514,1001024
1015636,1001024
1015661,1001024
1015662,1001024
1015772,1001024
1015795,1001024
1015804,1001024
1015854,1001024
1015919,1001024
1015965,1001024
1016044,1001024
1016059,1001024
1016068,1001024
1016107,1001024
1016108,1001024
1016158,1001024
1016317,1001024
1016378,1001024
1016433,1001024
1016438,1001024
1016443,1001024
1016464,1001024
1016483,1001024
1016488,1001024
1016575,1001024
1016684,1001024
1016710,1001024
1016711,1001024
1016761,1001024
1016821,1001024
1016831,1001024
1016960,1001024
1016969,1001024
1017122,1001024
1017219,1001024
1017502,1001024
1017577,1001024
1017654,1001024
1017682,1001024
1017891,1001024
1017910,1001024
1017920,1001024
1018018,1001024
1018142,1001024
1018175,1001024
1018207,1001024
1018283,1001024
1018397,1001024
1018402,1001024
1018419,1001024
1018531,1001024
1018532,1001024
1018533,1001024
1018534,1001024
1018543,1001024
1018544,1001024
1018550,1001024
1018559,1001024
1018580,1001024
1018695,1001024
1018794,1001024
1018795,1001024
1018804,1001024
1018845,1001024
1018931,1001024
1018949,1001024
1018992,1001024
1019185,1001024
1019311,1001024
1019338,1001024
1019347,1001024
1019352,1001024
1019387,1001024
1019523,1001024
1019581,1001024
1019729,1001024
1019730,1001024
1019986,1001024
1020000,1001024
1020109,1001024
1020236,1001024
1020249,1001024
1020367,1001024
1020563,1001024
1020572,1001024
1020646,1001024
1020668,1001024
1020669,1001024
1020744,1001024
1020763,1001024
1020803,1001024
1020804,1001024
1020863,1001024
1020888,1001024
1021008,1001024
1021126,1001024
1021146,1001024
1021237,1001024
1021367,1001024
1021462,1001024
1021471,1001024
1021551,1001024
1021626,1001024
1021714,1001024
1021838,1001024
1021859,1001024
1021958,1001024
1021979,1001024
1022010,1001024
1022069,1001024
1022074,1001024
1022084,1001024
1022188,1001024
1022198,1001024
1022258,1001024
1022315,1001024
1022325,1001024
1022326,1001024
1022368,1001024
1022369,1001024
1022434,1001024
1022443,1001024
1022569,1001024
1022585,1001024
1022685,1001024
1022704,1001024
1022810,1001024
1022827,1001024
1022852,1001024
1022958,1001024
1023083,1001024
1023116,1001024
1023213,1001024
1023347,1001024
1023380,1001024
1023385,1001024
1023471,1001024
1023599,1001024
1023608,1001024
1023624,1001024
1023629,1001024
1023667,1001024
1023719,1001024
1023747,1001024
1023752,1001024
1023862,1001024
1023888,1001024
1023889,1001024
1023995,1001024
1024114,1001024
1024124,1001024
1024189,1001024
1024190,1001024
1024462,1001024
1024502,1001024
1024503,1001024
1024625,1001024
1024635,1001024
1024645,1001024
1024684,1001024
1024733,1001024
1024754,1001024
1024793,1001024
1024880,1001024
1024890,1001024
1024899,1001024
1024992,1001024
1024993,1001024
1025006,1001024
1025007,1001024
1025021,1001024
1025134,1001024
1025143,1001024
1025227,1001024
1025290,1001024
1025377,1001024
1025378,1001024
1025453,1001024
1025515,1001024
1025528,1001024
1025602,1001024
1025706,1001024
1025711,1001024
1025712,1001024
1025718,1001024
1025723,1001024
1025732,1001024
1025841,1001024
1025868,1001024
1025942,1001024
1025943,1001024
1026008,1001024
1026033,1001024
1026121,1001024
1026130,1001024
1026140,1001024
1026180,1001024
1026237,1001024
1026386,1001024
1026502,1001024
1026555,1001024
1026638,1001024
1026739,1001024
1026740,1001024
1026748,1001024
1026753,1001024
1026940,1001024
1027084,1001024
1027094,1001024
1027155,1001024
1027168,1001024
1027220,1001024
1027234,1001024
1027277,1001024
1027360,1001024
1027419,1001024
1027509,1001024
1027519,1001024
1027555,1001024
1027611,1001024
1027637,1001024
1027823,1001024
1027840,1001024
1027909,1001024
1028008,1001024
1028013,1001024
1028025,1001024
1028074,1001024
1028075,1001024
1028138,1001024
1028170,1001024
1028260,1001024
1028269,1001024
1028387,1001024
1028397,1001024
1028509,1001024
1028519,1001024
1028630,1001024
1028642,1001024
1028738,1001024
1028747,1001024
1028748,1001024
1028883,1001024
1028896,1001024
1028996,1001024
1029001,1001024
1029061,1001024
1029102,1001024
1029103,1001024
1029271,1001024
1029528,1001024
1029692,1001024
1029703,1001024
1029725,1001024
1029801,1001024
1029830,1001024
1029868,1001024
1029950,1001024
1029960,1001024
1029990,1001024
1029991,1001024
1030047,1001024
1030056,1001024
1030057,1001024
1030067,1001024
1030165,1001024
1030185,1001024
1030288,1001024
1030390,1001024
1030407,1001024
1030508,1001024
1030625,1001024
1030626,1001024
1030636,1001024
1030682,1001024
1030683,1001024
1030740,1001024
1030749,1001024
1030767,1001024
1030994,1001024
1031219,1001024
1031233,1001024
1031266,1001024
1031404,1001024
1031465,1001024
1031493,1001024
1031554,1001024
1031617,1001024
1031752,1001024
1031765,1001024
1031869,1001024
1031870,1001024
2000006,2000001
2000015,2000001
2000022,2000001
2000029,2000001
2000036,2000001
2000045,2000001
2000052,2000001
2000061,2000001
2000068,2000001
2000085,2000001
2000110,2000001
2000119,2000001
2000128,2000001
2000137,2000001
2000144,2000001
2000157,2000001
2000166,2000001
2000175,2000001
2000184,2000001
2000193,2000001
2000202,2000001
2000215,2000001
2000224,2000001
2000233,2000001
2000240,2000001
2000249,2000001
2000262,2000001
2000269,2000001
2000276,2000001
2000285,2000001
2000292,2000001
2000301,2000001
2000310,2000001
2000317,2000001
2000324,2000001
2000333,2000001
2000346,2000001
2000357,2000001
2000364,2000001
2000373,2000001
2000380,2000001
2000389,2000001
2000406,2000001
2000415,2000001
2000422,2000001
2000429,2000001
2000436,2000001
2000449,2000001
2000456,2000001
2000463,2000001
2000472,2000001
2000481,2000001
2000488,2000001
2000497,2000001
2000506,2000001
2000515,2000001
2000524,2000001
2000537,2000001
2000544,2000001
2000551,2000001
2000562,2000001
2000569,2000001
2000584,2000001
2000595,2000001
2000604,2000001
2000613,2000001
2000620,2000001
2000629,2000001
2000636,2000001
2000643,2000001
2000652,2000001
2000661,2000001
2000674,2000001
2000683,2000001
2000694,2000001
2000701,2000001
2000712,2000001
2000719,2000001
2000742,2000001
2000787,2000001
2000794,2000001
2000803,2000001
2000810,2000001
2000819,2000001
2000830,2000001
2000839,2000001
2000846,2000001
2000853,2000001
2000860,2000001
2000869,2000001
2000876,2000001
2000885,2000001
2000894,2000001
2000901,2000001
2000908,2000001
2000917,2000001
2000924,2000001
2000931,2000001
2000942,2000001
2000953,2000001
2000962,2000001
2000969,2000001
2000990,2000001
2000997,2000001
2001004,2000001
2001011,2000001
2001024,2000001
2001037,2000001
2001046,2000001
2001055,2000001
2001062,2000001
2001071,2000001
2001082,2000001
2001091,2000001
2001100,2000001
2001107,2000001
2001116,2000001
2001141,2000001
2001148,2000001
2001157,2000001
2001168,2000001
2001177,2000001
2001202,2000001
2001211,2000001
2001220,2000001
2001227,2000001
2001246,2000001
2001253,2000001
2001264,2000001
2001273,2000001
2001282,2000001
2001291,2000001
2001302,2000001
2001311,2000001
2001320,2000001
2001329,2000001
2001336,2000001
2001345,2000001
2001352,2000001
2001367,2000001
2001386,2000001
2001399,2000001
2001406,2000001
2001413,2000001
2001426,2000001
2001437,2000001
2001464,2000001
2001473,2000001
2001482,2000001
2001489,2000001
2001506,2000001
2001513,2000001
2001520,2000001
2001527,2000001
2001536,2000001
2001545,2000001
2001555,2000001
2001563,2000001
2001571,2000001
2001581,2000001
2001591,2000001
2001597,2000001
2001603,2000001
2001617,2000001
2001630,2000001
2001648,2000001
2001666,2000001
2001672,2000001
2001680,2000001
2001688,2000001
2001696,2000001
2001702,2000001
2001710,2000001
2001716,2000001
2001726,2000001
2001734,2000001
2001740,2000001
2001746,2000001
2001758,2000001
2001766,2000001
2001772,2000001
2001796,2000001
2001802,2000001
2001808,2000001
2001820,2000001
2001826,2000001
2001832,2000001
2001838,2000001
2001844,2000001
2001854,2000001
2001868,2000001
2001874,2000001
2001880,2000001
2001888,2000001
2001898,2000001
2001906,2000001
2001912,2000001
2001920,2000001
2001926,2000001
2001936,2000001
2001942,2000001
2001950,2000001
2001956,2000001
2001962,2000001
2001976,2000001
2001982,2000001
2001996,2000001
2002002,2000001
2002008,2000001
2002016,2000001
2002022,2000001
2002030,2000001
2002038,2000001
2002048,2000001
2002056,2000001
2002064,2000001
2002074,2000001
2002086,2000001
2002094,2000001
2002100,2000001
2002122,2000001
2002128,2000001
2002138,2000001
2002146,2000001
2002156,2000001
2002166,2000001
2002172,2000001
2002190,2000001
2002196,2000001
2002202,2000001
2002208,2000001
2002216,2000001
2002222,2000001
2002228,2000001
2002236,2000001
2002242,2000001
2002250,2000001
2002256,2000001
2002266,2000001
2002272,2000001
2002278,2000001
2002284,2000001
2002290,2000001
2002296,2000001
2002306,2000001
2002314,2000001
2002320,2000001
2002340,2000001
2002346,2000001
2002352,2000001
2002358,2000001
2002368,2000001
2002374,2000001
2002380,2000001
2002390,2000001
2002397,2000001
2002403,2000001
2002413,2000001
2002419,2000001
2002425,2000001
2002431,2000001
2002437,2000001
2002451,2000001
2002461,2000001
2002471,2000001
2002501,2000001
2002507,2000001
2002515,2000001
2002521,2000001
2002527,2000001
2002533,2000001
2002541,2000001
2002553,2000001
2002561,2000001
2002587,2000001
2002603,2000001
2002611,2000001
2002623,2000001
2002629,2000001
2002635,2000001
2002643,2000001
2002651,2000001
2002657,2000001
2002667,2000001
2002673,2000001
2002683,2000001
2002689,2000001
2002701,2000001
2002707,2000001
2002713,2000001
2002721,2000001
2002727,2000001
2002735,2000001
2002741,2000001
2002749,2000001
2002763,2000001
2002769,2000001
2002775,2000001
2002783,2000001
2002801,2000001
2002809,2000001
2002831,2000001
2002837,2000001
2002845,2000001
2002853,2000001
2002859,2000001
2002865,2000001
2002871,2000001
2002877,2000001
2002883,2000001
2002889,2000001
2002897,2000001
2002905,2000001
2002913,2000001
2002919,2000001
2002963,2000001
2002969,2000001
2002975,2000001
2002983,2000001
2002989,2000001
2002995,2000001
2003019,2000001
2003043,2000001
2003049,2000001
2003057,2000001
2003069,2000001
2003077,2000001
2003083,2000001
2003093,2000001
2003099,2000001
2003111,2000001
2003125,2000001
2003131,2000001
2003137,2000001
2003143,2000001
2003149,2000001
2003161,2000001
2003177,2000001
2003183,2000001
2003189,2000001
2003209,2000001
2003215,2000001
2003231,2000001
2003241,2000001
2003249,2000001
2003255,2000001
2003271,2000001
2003279,2000001
2003289,2000001
2003299,2000001
2003307,2000001
2003313,2000001
2003322,2000001
2003334,2000001
2003340,2000001
2003346,2000001
2003356,2000001
2003362,2000001
2003370,2000001
2003378,2000001
2003384,2000001
2003390,2000001
2003396,2000001
2003402,2000001
2003410,2000001
2003416,2000001
2003424,2000001
2003434,2000001
2003452,2000001
2003462,2000001
2003468,2000001
2003476,2000001
2003484,2000001
2003492,2000001
2003500,2000001
2003508,2000001
2003516,2000001
2003524,2000001
2003532,2000001
2003540,2000001
2003550,2000001
2003568,2000001
2003578,2000001
2003586,2000001
2003594,2000001
2003600,2000001
2003608,2000001
2003614,2000001
2003622,2000001
2003640,2000001
2003664,2000001
2003676,2000001
2003684,2000001
2003696,2000001
2003702,2000001
2003712,2000001
2003718,2000001
2003724,2000001
2003730,2000001
2003742,2000001
2003750,2000001
2003758,2000001
2003764,2000001
2003770,2000001
2003776,2000001
2003796,2000001
2003802,2000001
2003808,2000001
2003822,2000001
2003830,2000001
2003836,2000001
2003846,2000001
2003858,2000001
2003864,2000001
2003872,2000001
2003880,2000001
2003888,2000001
2003898,2000001
2003918,2000001
2003924,2000001
2003938,2000001
2003944,2000001
2003950,2000001
2003956,2000001
2003962,2000001
2003968,2000001
2003976,2000001
2003986,2000001
2003994,2000001
2004000,2000001
2004006,2000001
2004012,2000001
2004022,2000001
2004028,2000001
2004036,2000001
2004055,2000001
2004063,2000001
2004071,2000001
2004079,2000001
2004087,2000001
2004095,2000001
2004101,2000001
2004107,2000001
2004113,2000001
2004121,2000001
2004127,2000001
2004135,2000001
2004141,2000001
2004155,2000001
2004167,2000001
2004175,2000001
2004181,2000001
2004187,2000001
2004193,2000001
2004203,2000001
2004211,2000001
2004219,2000001
2004225,2000001
2004233,2000001
2004239,2000001
2004259,2000001
2004265,2000001
2004275,2000001
2004281,2000001
2004289,2000001
2004297,2000001
2004303,2000001
2004309,2000001
2004315,2000001
2004321,2000001
2004327,2000001
2004333,2000001
2004341,2000001
2004350,2000001
2004370,2000001
2004382,2000001
2004388,2000001
2004394,2000001
2004402,2000001
2004408,2000001
2004416,2000001
2004422,2000001
2004430,2000001
2004436,2000001
2004442,2000001
2004456,2000001
2004462,2000001
2004470,2000001
2004476,2000001
2004484,2000001
2004498,2000001
2004504,2000001
2004526,2000001
2004532,2000001
2004542,2000001
2004550,2000001
2004560,2000001
2004568,2000001
2004574,2000001
2004580,2000001
2004586,2000001
2004592,2000001
2004598,2000001
2004606,2000001
2004612,2000001
2004618,2000001
2004624,2000001
2004630,2000001
2004636,2000001
2004642,2000001
2004658,2000001
2004678,2000001
2004686,2000001
2004694,2000001
2004710,2000001
2004716,2000001
2004722,2000001
2004728,2000001
2004734,2000001
2004740,2000001
2004746,2000001
2004754,2000001
2004760,2000001
2004766,2000001
2004774,2000001
2004781,2000001
2004793,2000001
2004799,2000001
2004805,2000001
2004813,2000001
2004819,2000001
2004828,2000001
2004836,2000001
2004842,2000001
2004848,2000001
2004858,2000001
2004864,2000001
2004878,2000001
2004884,2000001
2004890,2000001
2004898,2000001
2004904,2000001
2004910,2000001
2004922,2000001
2004928,2000001
2004934,2000001
2004940,2000001
2004946,2000001
2004954,2000001
2004960,2000001
2004968,2000001
2004974,2000001
2004984,2000001
2004990,2000001
2004996,2000001
2005004,2000001
2005010,2000001
2005016,2000001
2005026,2000001
2005032,2000001
2005038,2000001
2005050,2000001
2005058,2000001
2005064,2000001
2005076,2000001
2005089,2000001
2005095,2000001
2005105,2000001
2005113,2000001
2005123,2000001
2005139,2000001
2005147,2000001
2005153,2000001
2005169,2000001
2005177,2000001
2005183,2000001
2005189,2000001
2005203,2000001
2005209,2000001
2005219,2000001
2005225,2000001
2005231,2000001
2005237,2000001
2005243,2000001
2005252,2000001
2005262,2000001
2005270,2000001
2005278,2000001
2005284,2000001
2005292,2000001
2005304,2000001
2005310,2000001
2005316,2000001
2005322,2000001
2005332,2000001
2005338,2000001
2005344,2000001
2005360,2000001
2005366,2000001
2005372,2000001
2005382,2000001
2005390,2000001
2005396,2000001
2005402,2000001
2005415,2000001
2005422,2000001
2005430,2000001
2005436,2000001
2005444,2000001
2005453,2000001
2005459,2000001
2005467,2000001
2005473,2000001
2005481,2000001
2005487,2000001
2005495,2000001
2005509,2000001
2005527,2000001
2005537,2000001
2005543,2000001
2005551,2000001
2005557,2000001
2005565,2000001
2005585,2000001
2005591,2000001
2005597,2000001
2005605,2000001
2005625,2000001
2005631,2000001
2005637,2000001
2005645,2000001
2005653,2000001
2005659,2000001
2005665,2000001
2005675,2000001
2005681,2000001
2005695,2000001
2005701,2000001
2005707,2000001
2005713,2000001
2005719,2000001
2005743,2000001
2005753,2000001
2005759,2000001
2005781,2000001
2005787,2000001
2005793,2000001
2005809,2000001
2005819,2000001
2005825,2000001
2005831,2000001
2005839,2000001
2005845,2000001
2005851,2000001
2005861,2000001
2005869,2000001
2005883,2000001
2005903,2000001
2005910,2000001
2005920,2000001
2005930,2000001
2005942,2000001
2005948,2000001
2005960,2000001
2005966,2000001
2005980,2000001
2005986,2000001
2005994,2000001
2006000,2000001
2006006,2000001
2006012,2000001
2006020,2000001
2006032,2000001
2006038,2000001
2006044,2000001
2006058,2000001
2006065,2000001
2006071,2000001
2006079,2000001
2006088,2000001
2006095,2000001
2006101,2000001
2006109,2000001
2006115,2000001
2006123,2000001
2006129,2000001
2006135,2000001
2006143,2000001
2006149,2000001
2006155,2000001
2006161,2000001
2006169,2000001
2006179,2000001
2006185,2000001
2006191,2000001
2006201,2000001
2006207,2000001
2006213,2000001
2006221,2000001
2006227,2000001
2006237,2000001
2006245,2000001
2006253,2000001
2006259,2000001
2006265,2000001
2006283,2000001
2006299,2000001
2006305,2000001
2006311,2000001
2006317,2000001
2006323,2000001
2006329,2000001
2006341,2000001
2006349,2000001
2006357,2000001
2006363,2000001
2006373,2000001
2006383,2000001
2006389,2000001
2006403,2000001
2006409,2000001
2006415,2000001
2006421,2000001
2006455,2000001
2006465,2000001
2006471,2000001
2006477,2000001
2006495,2000001
2006503,2000001
2006509,2000001
2006517,2000001
2006523,2000001
2006529,2000001
2006539,2000001
2006546,2000001
2006556,2000001
2006564,2000001
2006570,2000001
2006582,2000001
2006588,2000001
2006594,2000001
2006602,2000001
2006608,2000001
2006614,2000001
2006622,2000001
2006628,2000001
2006634,2000001
2006642,2000001
2006650,2000001
2006660,2000001
2006666,2000001
2006676,2000001
2006684,2000001
2006696,2000001
2006708,2000001
2006726,2000001
2006732,2000001
2006738,2000001
2006744,2000001
2006754,2000001
2006760,2000001
2006766,2000001
2006786,2000001
2006792,2000001
2006804,2000001
2006823,2000001
2006839,2000001
2006845,2000001
2006851,2000001
2006859,2000001
2006871,2000001
2006877,2000001
2006887,2000001
2006893,2000001
2006901,2000001
2006907,2000001
2006923,2000001
2006931,2000001
2006937,2000001
2006947,2000001
2006957,2000001
2006963,2000001
2006973,2000001
2006983,2000001
2006993,2000001
2006999,2000001
2007009,2000001
2007015,2000001
2007025,2000001
2007035,2000001
2007041,2000001
2007055,2000001
2007067,2000001
2007073,2000001
2007079,2000001
2007085,2000001
2007091,2000001
2007099,2000001
2007107,2000001
2007117,2000001
2007123,2000001
2007133,2000001
2007141,2000001
2007147,2000001
2007153,2000001
2007159,2000001
2007165,2000001
2007171,2000001
2007177,2000001
2007183,2000001
2007189,2000001
2007195,2000001
2007206,2000001
2007213,2000001
2007220,2000001
2007232,2000001
2007245,2000001
2007251,2000001
2007259,2000001
2007267,2000001
2007275,2000001
2007282,2000001
2007290,2000001
2007310,2000001
2007316,2000001
2007322,2000001
2007330,2000001
2007338,2000001
2007354,2000001
2007366,2000001
2007378,2000001
2007402,2000001
2007410,2000001
2007416,2000001
2007424,2000001
2007432,2000001
2007438,2000001
2007444,2000001
2007450,2000001
2007456,2000001
2007464,2000001
2007470,2000001
2007478,2000001
2007484,2000001
2007490,2000001
2007508,2000001
2007514,2000001
2007522,2000001
2007530,2000001
2007560,2000001
2007572,2000001
2007578,2000001
2007584,2000001
2007592,2000001
2007600,2000001
2007608,2000001
2007614,2000001
2007620,2000001
2007628,2000001
2007634,2000001
2007648,2000001
2007654,2000001
2007662,2000001
2007668,2000001
2007676,2000001
2007686,2000001
2007694,2000001
2007702,2000001
2007708,2000001
2007715,2000001
2007722,2000001
2007728,2000001
2007734,2000001
2007740,2000001
2007746,2000001
2007754,2000001
2007762,2000001
2007770,2000001
2007778,2000001
2007786,2000001
2007793,2000001
2007799,2000001
2007807,2000001
2007813,2000001
2007831,2000001
2007853,2000001
2007861,2000001
2007871,2000001
2007881,2000001
2007901,2000001
2007913,2000001
2007929,2000001
2007935,2000001
2007947,2000001
2007955,2000001
2007961,2000001
2007971,2000001
2007979,2000001
2007987,2000001
2007993,2000001
2007999,2000001
2008007,2000001
2008013,2000001
2008019,2000001
2008031,2000001
2008037,2000001
2008043,2000001
2008049,2000001
2008055,2000001
2008061,2000001
2008069,2000001
2008079,2000001
2008089,2000001
2008095,2000001
2008111,2000001
2008119,2000001
2008125,2000001
2008139,2000001
2008145,2000001
2008153,2000001
2008165,2000001
2008173,2000001
2008187,2000001
2008195,2000001
2008203,2000001
2008209,2000001
2008223,2000001
2008229,2000001
2008235,2000001
2008242,2000001
2008251,2000001
2008259,2000001
2008265,2000001
2008273,2000001
2008281,2000001
2008287,2000001
2008295,2000001
2008305,2000001
2008317,2000001
2008327,2000001
2008333,2000001
2008343,2000001
2008349,2000001
2008357,2000001
2008363,2000001
2008369,2000001
2008381,2000001
2008387,2000001
2008395,2000001
2008401,2000001
2008407,2000001
2008413,2000001
2008431,2000001
2008439,2000001
2008445,2000001
2008453,2000001
2008463,2000001
2008469,2000001
2008479,2000001
2008485,2000001
2008493,2000001
2008499,2000001
2008505,2000001
2008513,2000001
2008521,2000001
2008527,2000001
2008543,2000001
2008549,2000001
2008555,2000001
2008561,2000001
2008569,2000001
2008581,2000001
2008591,2000001
2008597,2000001
2008615,2000001
2008625,2000001
2008635,2000001
2008641,2000001
2008647,2000001
2008653,2000001
2008659,2000001
2008665,2000001
2008673,2000001
2008679,2000001
2008685,2000001
2008693,2000001
2008701,2000001
2008717,2000001
2008723,2000001
2008731,2000001
2008743,2000001
2008749,2000001
2008756,2000001
2008763,2000001
2008770,2000001
2008778,2000001
2008786,2000001
2008794,2000001
2008801,2000001
2008808,2000001
2008814,2000001
2008820,2000001
2008835,2000001
2008851,2000001
2008861,2000001
2008867,2000001
2008873,2000001
2008887,2000001
2008893,2000001
2008899,2000001
2008905,2000001
2008913,2000001
2008919,2000001
2008925,2000001
2008931,2000001
2008939,2000001
2008945,2000001
2008951,2000001
2008957,2000001
2008963,2000001
2008969,2000001
2008977,2000001
2008983,2000001
2008991,2000001
2008997,2000001
2009007,2000001
2009027,2000001
2009033,2000001
2009039,2000001
2009055,2000001
2009063,2000001
2009069,2000001
2009075,2000001
2009081,2000001
2009097,2000001
2009105,2000001
2009111,2000001
2009117,2000001
2009123,2000001
2009129,2000001
2009135,2000001
2009143,2000001
2009157,2000001
2009175,2000001
2009187,2000001
2009193,2000001
2009199,2000001
2009205,2000001
2009211,2000001
2009219,2000001
2009225,2000001
2009232,2000001
2009238,2000001
2009246,2000001
2009257,2000001
2009263,2000001
2009273,2000001
2009279,2000001
2009287,2000001
2009296,2000001
2009302,2000001
2009308,2000001
2009316,2000001
2009324,2000001
2009330,2000001
2009342,2000001
2009354,2000001
2009376,2000001
2009382,2000001
2009390,2000001
2009396,2000001
2009402,2000001
2009408,2000001
2009414,2000001
2009422,2000001
2009430,2000001
2009440,2000001
2009448,2000001
2009454,2000001
2009460,2000001
2009467,2000001
2009473,2000001
2009479,2000001
2009487,2000001
2009495,2000001
2009513,2000001
2009523,2000001
2009531,2000001
2009537,2000001
2009547,2000001
2009561,2000001
2009567,2000001
2009573,2000001
2009579,2000001
2009585,2000001
2009593,2000001
2009603,2000001
2009609,2000001
2009617,2000001
2009623,2000001
2009631,2000001
2009637,2000001
2009645,2000001
2009661,2000001
2009667,2000001
2009675,2000001
2009687,2000001
2009693,2000001
2009701,2000001
2009709,2000001
2009717,2000001
2009725,2000001
2009733,2000001
2009741,2000001
2009747,2000001
2009759,2000001
2009767,2000001
2009773,2000001
2009779,2000001
2009787,2000001
2009793,2000001
2009799,2000001
2009805,2000001
2009811,2000001
2009817,2000001
2009825,2000001
2009833,2000001
2009841,2000001
2009849,2000001
2009865,2000001
2009871,2000001
2009888,2000001
2009894,2000001
2009900,2000001
2009912,2000001
2009918,2000001
2009924,2000001
2009930,2000001
2009936,2000001
2009942,2000001
2009956,2000001
2009966,2000001
2009976,2000001
2009982,2000001
2009992,2000001
2010006,2000001
2010012,2000001
2010022,2000001
2010028,2000001
2010060,2000001
2010070,2000001
2010084,2000001
2010090,2000001
2010096,2000001
2010140,2000001
2010146,2000001
2010152,2000001
2010158,2000001
2010164,2000001
2010172,2000001
2010178,2000001
2010184,2000001
2010200,2000001
2010218,2000001
2010224,2000001
2010230,2000001
2010244,2000001
2010254,2000001
2010266,2000001
2010276,2000001
2010282,2000001
2010288,2000001
2010294,2000001
2010300,2000001
2010306,2000001
2010318,2000001
2010324,2000001
2010332,2000001
2010340,2000001
2010346,2000001
2010352,2000001
2010360,2000001
2010366,2000001
2010372,2000001
2010389,2000001
2010395,2000001
2010403,2000001
2010411,2000001
2010417,2000001
2010425,2000001
2010433,2000001
2010439,2000001
2010445,2000001
2010451,2000001
2010457,2000001
2010463,2000001
2010471,2000001
2010479,2000001
2010489,2000001
2010495,2000001
2010503,2000001
2010509,2000001
2010515,2000001
2010523,2000001
2010537,2000001
2010551,2000001
2010563,2000001
2010587,2000001
2010593,2000001
2010599,2000001
2010605,2000001
2010612,2000001
2010618,2000001
2010636,2000001
2010642,2000001
2010648,2000001
2010654,2000001
2010662,2000001
2010670,2000001
2010678,2000001
2010684,2000001
2010692,2000001
2010698,2000001
2010704,2000001
2010714,2000001
2010722,2000001
2010728,2000001
2010737,2000001
2010749,2000001
2010761,2000001
2010767,2000001
2010777,2000001
2010785,2000001
2010793,2000001
2010801,2000001
2010809,2000001
2010817,2000001
2010825,2000001
2010845,2000001
2010851,2000001
2010857,2000001
2010863,2000001
2010869,2000001
2010879,2000001
2010901,2000001
2010911,2000001
2010917,2000001
2010931,2000001
2010939,2000001
2010945,2000001
2010957,2000001
2010965,2000001
2010975,2000001
2010981,2000001
2010987,2000001
2010993,2000001
2011007,2000001
2011017,2000001
2011023,2000001
2011029,2000001
2011039,2000001
2011047,2000001
2011055,2000001
2011063,2000001
2011075,2000001
2011085,2000001
2011097,2000001
2011103,2000001
2011109,2000001
2011129,2000001
2011139,2000001
2011147,2000001
2011153,2000001
2011159,2000001
2011165,2000001
2011171,2000001
2011179,2000001
2011188,2000001
2011198,2000001
2011204,2000001
2011218,2000001
2011224,2000001
2011240,2000001
2011246,2000001
2011252,2000001
2011260,2000001
2011266,2000001
2011274,2000001
2011280,2000001
2011286,2000001
2011300,2000001
2011306,2000001
2011314,2000001
2011320,2000001
2011330,2000001
2011342,2000001
2011348,2000001
2011354,2000001
2011360,2000001
2011366,2000001
2011374,2000001
2011386,2000001
2011392,2000001
2011400,2000001
2011406,2000001
2011416,2000001
2011424,2000001
2011430,2000001
2011436,2000001
2011444,2000001
2011454,2000001
2011470,2000001
2011480,2000001
2011496,2000001
2011516,2000001
2011522,2000001
2011532,2000001
2011539,2000001
2011549,2000001
2011563,2000001
2011569,2000001
2011575,2000001
2011581,2000001
2011587,2000001
2011593,2000001
2011599,2000001
2011609,2000001
2011623,2000001
2011629,2000001
2011635,2000001
2011645,2000001
2011651,2000001
2011659,2000001
2011667,2000001
2011673,2000001
2011681,2000001
2011693,2000001
2011701,2000001
2011707,2000001
2011713,2000001
2011719,2000001
2011725,2000001
2011731,2000001
2011737,2000001
2011755,2000001
2011761,2000001
2011781,2000001
2011787,2000001
2011793,2000001
2011800,2000001
2011812,2000001
2011818,2000001
2011824,2000001
2011830,2000001
2011842,2000001
2011848,2000001
2011856,2000001
2011862,2000001
2011868,2000001
2011874,2000001
2011880,2000001
2011888,2000001
2011904,2000001
2011912,2000001
2011920,2000001
2011926,2000001
2011942,2000001
2011948,2000001
2011954,2000001
2011964,2000001
2011972,2000001
2011994,2000001
2012004,2000001
2012014,2000001
2012038,2000001
2012052,2000001
2012058,2000001
2012068,2000001
2012076,2000001
2012086,2000001
2012094,2000001
2012100,2000001
2012108,2000001
2012180,2000001
2012186,2000001
2012192,2000001
2012200,2000001
2012208,2000001
2012226,2000001
2012233,2000001
2012239,2000001
2012249,2000001
2012257,2000001
2012265,2000001
2012271,2000001
2012280,2000001
2012286,2000001
2012306,2000001
2012314,2000001
2012340,2000001
2012362,2000001
2012368,2000001
2012374,2000001
2012392,2000001
2012398,2000001
2012405,2000001
2012415,2000001
2012421,2000001
2012429,2000001
2012437,2000001
2012443,2000001
2012451,2000001
2012457,2000001
2012467,2000001
2012473,2000001
2012479,2000001
2012489,2000001
2012499,2000001
2012507,2000001
2012513,2000001
2012525,2000001
2012531,2000001
2012543,2000001
2012551,2000001
2012561,2000001
2012571,2000001
2012591,2000001
2012597,2000001
2012603,2000001
2012609,2000001
2012623,2000001
2012629,2000001
2012643,2000001
2012649,2000001
2012655,2000001
2012661,2000001
2012667,2000001
2012673,2000001
2012681,2000001
2012689,2000001
2012695,2000001
2012701,2000001
2012721,2000001
2012735,2000001
2012741,2000001
2012747,2000001
2012753,2000001
2012759,2000001
2012771,2000001
2012777,2000001
2012787,2000001
2012799,2000001
2012807,2000001
2012853,2000001
2012877,2000001
2012893,2000001
2012899,2000001
2012905,2000001
2012911,2000001
2012927,2000001
2012933,2000001
2012943,2000001
2012949,2000001
2012967,2000001
2012975,2000001
2012981,2000001
2012989,2000001
2012995,2000001
2013011,2000001
2013018,2000001
2013033,2000001
2013039,2000001
2013045,2000001
2013053,2000001
2013059,2000001
2013065,2000001
2013071,2000001
2013077,2000001
2013083,2000001
2013093,2000001
2013101,2000001
2013107,2000001
2013113,2000001
2013119,2000001
2013125,2000001
2013131,2000001
2013139,2000001
2013149,2000001
2013155,2000001
2013163,2000001
2013169,2000001
2013175,2000001
2013183,2000001
2013189,2000001
2013197,2000001
2013203,2000001
2013209,2000001
2013215,2000001
2013221,2000001
2013231,2000001
2013237,2000001
2013253,2000001
2013261,2000001
2013267,2000001
2013275,2000001
2013281,2000001
2013289,2000001
2013301,2000001
2013311,2000001
2013317,2000001
2013325,2000001
2013332,2000001
2013340,2000001
2013346,2000001
2013352,2000001
2013358,2000001
2013370,2000001
2013376,2000001
2013388,2000001
2013394,2000001
2013400,2000001
2013406,2000001
2013412,2000001
2013420,2000001
2013426,2000001
2013434,2000001
2013442,2000001
2013450,2000001
2013456,2000001
2013464,2000001
2013472,2000001
2013484,2000001
2013506,2000001
2013512,2000001
2013526,2000001
2013532,2000001
2013538,2000001
2013546,2000001
2013556,2000001
2013566,2000001
2013574,2000001
2013584,2000001
2013590,2000001
2013596,2000001
2013614,2000001
2013620,2000001
2013638,2000001
2013646,2000001
2013656,2000001
2013664,2000001
2013670,2000001
2013682,2000001
2013688,2000001
2013694,2000001
2013700,2000001
2013706,2000001
2013714,2000001
2013720,2000001
2013726,2000001
2013740,2000001
2013764,2000001
2013774,2000001
2013780,2000001
2013786,2000001
2013796,2000001
2013802,2000001
2013808,2000001
2013818,2000001
2013840,2000001
2013846,2000001
2013852,2000001
2013858,2000001
2013864,2000001
2013870,2000001
2013876,2000001
2013884,2000001
2013892,2000001
2013898,2000001
2013904,2000001
2013912,2000001
2013918,2000001
2013926,2000001
2013942,2000001
2013948,2000001
2013956,2000001
2013962,2000001
2013970,2000001
2013976,2000001
2013984,2000001
2013992,2000001
2013998,2000001
2014010,2000001
2014016,2000001
2014022,2000001
2014040,2000001
2014052,2000001
2014060,2000001
2014066,2000001
2014086,2000001
2014094,2000001
2014100,2000001
2014112,2000001
2014120,2000001
2014134,2000001
2014142,2000001
2014148,2000001
2014154,2000001
2014166,2000001
2014176,2000001
2014182,2000001
2014188,2000001
2014194,2000001
2014200,2000001
2014206,2000001
2014224,2000001
2014234,2000001
2014240,2000001
2014247,2000001
2014253,2000001
2014263,2000001
2014273,2000001
2014280,2000001
2014289,2000001
2014296,2000001
2014309,2000001
2014316,2000001
2014325,2000001
2014332,2000001
2014339,2000001
2014346,2000001
2014369,2000001
2014378,2000001
2014413,2000001
2014434,2000001
2014441,2000001
2014448,2000001
2014465,2000001
2014474,2000001
2014491,2000001
2014498,2000001
2014505,2000001
2014512,2000001
2014531,2000001
2014540,2000001
2014547,2000001
2014554,2000001
2014565,2000001
2014572,2000001
2014589,2000001
2014598,2000001
2014607,2000001
2014616,2000001
2014627,2000001
2014638,2000001
2014649,2000001
2014656,2000001
2014669,2000001
2014680,2000001
2014687,2000001
2014696,2000001
2014709,2000001
2014720,2000001
2014729,2000001
2014738,2000001
2014745,2000001
2014752,2000001
2014767,2000001
2014774,2000001
2014781,2000001
2014792,2000001
2014809,2000001
2014826,2000001
2014835,2000001
2014842,2000001
2014849,2000001
2014858,2000001
2014869,2000001
2014878,2000001
2014885,2000001
2014894,2000001
2014901,2000001
2014908,2000001
2014923,2000001
2014930,2000001
2014939,2000001
2014946,2000001
2014957,2000001
2014964,2000001
2014971,2000001
2014978,2000001
2014985,2000001
2015000,2000001
2015009,2000001
2015022,2000001
2015029,2000001
2015040,2000001
2015047,2000001
2015054,2000001
2015061,2000001
2015070,2000001
2015077,2000001
2015084,2000001
2015091,2000001
2015098,2000001
2015105,2000001
2015118,2000001
2015125,2000001
2015140,2000001
2015157,2000001
2015166,2000001
2015179,2000001
2015194,2000001
2015201,2000001
2015208,2000001
2015227,2000001
2015234,2000001
2015241,2000001
2015248,2000001
2015255,2000001
2015262,2000001
2015283,2000001
2015294,2000001
2015301,2000001
2015308,2000001
2015315,2000001
2015322,2000001
2015333,2000001
2015340,2000001
2015357,2000001
2015366,2000001
2015373,2000001
2015380,2000001
2015387,2000001
2015398,2000001
2015405,2000001
2015412,2000001
2015419,2000001
2015426,2000001
2015439,2000001
2015464,2000001
2015473,2000001
2015488,2000001
2015495,2000001
2015504,2000001
2015525,2000001
2015532,2000001
2015541,2000001
2015548,2000001
2015555,2000001
2015562,2000001
2015571,2000001
2015584,2000001
2015593,2000001
2015602,2000001
2015611,2000001
2015620,2000001
2015631,2000001
2015640,2000001
2015647,2000001
2015668,2000001
2015675,2000001
2015686,2000001
2015701,2000001
2015708,2000001
2015715,2000001
2015722,2000001
2015735,2000001
2015744,2000001
2015751,2000001
2015758,2000001
2015765,2000001
2015778,2000001
2015787,2000001
2015802,2000001
2015811,2000001
2015818,2000001
2015825,2000001
2015832,2000001
2015847,2000001
2015854,2000001
2015861,2000001
2015868,2000001
2015875,2000001
2015882,2000001
2015889,2000001
2015896,2000001
2015909,2000001
2015916,2000001
2015923,2000001
2015930,2000001
2015945,2000001
2015956,2000001
2015963,2000001
2015976,2000001
2015983,2000001
2015990,2000001
2016001,2000001
2016016,2000001
2016023,2000001
2016030,2000001
2016037,2000001
2016048,2000001
2016067,2000001
2016078,2000001
2016085,2000001
2016094,2000001
2016107,2000001
2016116,2000001
2016129,2000001
2016138,2000001
2016145,2000001
2016152,2000001
2016163,2000001
2016174,2000001
2016181,2000001
2016188,2000001
2016195,2000001
2016204,2000001
2016211,2000001
2016230,2000001
2016251,2000001
2016260,2000001
2016267,2000001
2016276,2000001
2016283,2000001
2016290,2000001
2016321,2000001
2016332,2000001
2016339,2000001
2016346,2000001
2016353,2000001
2016360,2000001
2016369,2000001
2016378,2000001
2016387,2000001
2016394,2000001
2016403,2000001
2016412,2000001
2016421,2000001
2016432,2000001
2016441,2000001
2016448,2000001
2016457,2000001
2016476,2000001
2016483,2000001
2016490,2000001
2016497,2000001
2016506,2000001
2016513,2000001
2016520,2000001
2016527,2000001
2016538,2000001
2016545,2000001
2016562,2000001
2016581,2000001
2016588,2000001
2016599,2000001
2016606,2000001
2016613,2000001
2016620,2000001
2016627,2000001
2016634,2000001
2016643,2000001
2016652,2000001
2016661,2000001
2016668,2000001
2016675,2000001
2016688,2000001
2016697,2000001
2016704,2000001
2016713,2000001
2016720,2000001
2016733,2000001
2016742,2000001
2016753,2000001
2016760,2000001
2016769,2000001
2016776,2000001
2016783,2000001
2016790,2000001
2016809,2000001
2016816,2000001
2016823,2000001
2016840,2000001
2016847,2000001
2016854,2000001
2016861,2000001
2016870,2000001
2016879,2000001
2016900,2000001
2016907,2000001
2016914,2000001
2016933,2000001
2016942,2000001
2016967,2000001
2016974,2000001
2016981,2000001
2016990,2000001
2016999,2000001
2017006,2000001
2017033,2000001
2017039,2000001
2017046,2000001
2017053,2000001
2017060,2000001
2017069,2000001
2017078,2000001
2017087,2000001
2017098,2000001
2017105,2000001
2017114,2000001
2017121,2000001
2017130,2000001
2017139,2000001
2017146,2000001
2017155,2000001
2017161,2000001
2017172,2000001
2017179,2000001
2017186,2000001
2017199,2000001
2017208,2000001
2017215,2000001
2017226,2000001
2017239,2000001
2017250,2000001
2017257,2000001
2017264,2000001
2017277,2000001
2017284,2000001
2017291,2000001
2017309,2000001
2017324,2000001
2017343,2000001
2017350,2000001
2017361,2000001
2017368,2000001
2017375,2000001
2017394,2000001
2017401,2000001
2017414,2000001
2017421,2000001
2017428,2000001
2017435,2000001
2017446,2000001
2017453,2000001
2017460,2000001
2017467,2000001
2017474,2000001
2017485,2000001
2017494,2000001
2017501,2000001
2017510,2000001
2017519,2000001
2017528,2000001
2017535,2000001
2017542,2000001
2017549,2000001
2017558,2000001
2017571,2000001
2017586,2000001
2017593,2000001
2017602,2000001
2017629,2000001
2017636,2000001
2017643,2000001
2017650,2000001
2017671,2000001
2017682,2000001
2017705,2000001
2017726,2000001
2017739,2000001
2017746,2000001
2017755,2000001
2017762,2000001
2017771,2000001
2017780,2000001
2017795,2000001
2017802,2000001
2017819,2000001
2017826,2000001
2017847,2000001
2017862,2000001
2017871,2000001
2017884,2000001
2017895,2000001
2017902,2000001
2017913,2000001
2017922,2000001
2017929,2000001
2017958,2000001
2017965,2000001
2017972,2000001
2017983,2000001
2017996,2000001
2018003,2000001
2018010,2000001
2018017,2000001
2018038,2000001
2018045,2000001
2018052,2000001
2018061,2000001
2018068,2000001
2018075,2000001
2018082,2000001
2018089,2000001
2018104,2000001
2018119,2000001
2018126,2000001
2018133,2000001
2018140,2000001
2018149,2000001
2018176,2000001
2018189,2000001
2018196,2000001
2018203,2000001
2018212,2000001
2018219,2000001
2018226,2000001
2018235,2000001
2018242,2000001
2018249,2000001
2018256,2000001
2018263,2000001
2018272,2000001
2018281,2000001
2018288,2000001
2018305,2000001
2018316,2000001
2018329,2000001
2018338,2000001
2018347,2000001
2018358,2000001
2018365,2000001
2018372,2000001
2018379,2000001
2018390,2000001
2018397,2000001
2018408,2000001
2018415,2000001
2018424,2000001
2018439,2000001
2018446,2000001
2018453,2000001
2018462,2000001
2018469,2000001
2018480,2000001
2018493,2000001
2018500,2000001
2018507,2000001
2018514,2000001
2018521,2000001
2018528,2000001
2018535,2000001
2018544,2000001
2018551,2000001
2018562,2000001
2018569,2000001
2018578,2000001
2018587,2000001
2018594,2000001
2018605,2000001
2018616,2000001
2018631,2000001
2018638,2000001
2018645,2000001
2018674,2000001
2018697,2000001
2018704,2000001
2018711,2000001
2018718,2000001
2018725,2000001
2018732,2000001
2018739,2000001
2018752,2000001
2018759,2000001
2018770,2000001
2018779,2000001
2018796,2000001
2018805,2000001
2018814,2000001
2018823,2000001
2018832,2000001
2018841,2000001
2018850,2000001
2018859,2000001
2018866,2000001
2018881,2000001
2018890,2000001
2018897,2000001
2018904,2000001
2018911,2000001
2018932,2000001
2018941,2000001
2018948,2000001
2018961,2000001
2018970,2000001
2018988,2000001
2018999,2000001
2019008,2000001
2019017,2000001
2019032,2000001
2019039,2000001
2019046,2000001
2019055,2000001
2019064,2000001
2019071,2000001
2019078,2000001
2019086,2000001
2019099,2000001
2019106,2000001
2019115,2000001
2019122,2000001
2019129,2000001
2019148,2000001
2019157,2000001
2019176,2000001
2019185,2000001
2019194,2000001
2019205,2000001
2019220,2000001
2019227,2000001
2019238,2000001
2019245,2000001
2019252,2000001
2019263,2000001
2019270,2000001
2019277,2000001
2019284,2000001
2019291,2000001
2019302,2000001
2019309,2000001
2019316,2000001
2019323,2000001
2019330,2000001
2019339,2000001
2019346,2000001
2019365,2000001
2019376,2000001
2019383,2000001
2019398,2000001
2019407,2000001
2019414,2000001
2019423,2000001
2019430,2000001
2019437,2000001
2019446,2000001
2019453,2000001
2019460,2000001
2019467,2000001
2019476,2000001
2019483,2000001
2019494,2000001
2019507,2000001
2019514,2000001
2019521,2000001
2019528,2000001
2019535,2000001
2019550,2000001
2019559,2000001
2019566,2000001
2019577,2000001
2019584,2000001
2019591,2000001
2019610,2000001
2019621,2000001
2019628,2000001
2019641,2000001
2019672,2000001
2019687,2000001
2019702,2000001
2019730,2000001
2019737,2000001
2019744,2000001
2019751,2000001
2019760,2000001
2019771,2000001
2019786,2000001
2019797,2000001
2019804,2000001
2019811,2000001
2019818,2000001
2019827,2000001
2019834,2000001
2019853,2000001
2019864,2000001
2019871,2000001
2019884,2000001
2019893,2000001
2019904,2000001
2019915,2000001
2019924,2000001
2019931,2000001
2019938,2000001
2019951,2000001
2019958,2000001
2019965,2000001
2019978,2000001
2019995,2000001
2020006,2000001
2020015,2000001
2020028,2000001
2020043,2000001
2020052,2000001
2020061,2000001
2020070,2000001
2020079,2000001
2020086,2000001
2020119,2000001
2020126,2000001
2020133,2000001
2020156,2000001
2020165,2000001
2020172,2000001
2020191,2000001
2020198,2000001
2020205,2000001
2020212,2000001
2020235,2000001
2020242,2000001
2020257,2000001
2020264,2000001
2020273,2000001
2020288,2000001
2020295,2000001
2020306,2000001
2020315,2000001
2020322,2000001
2020329,2000001
2020336,2000001
2020343,2000001
2020350,2000001
2020359,2000001
2020366,2000001
2020373,2000001
2020380,2000001
2020389,2000001
2020400,2000001
2020407,2000001
2020414,2000001
2020421,2000001
2020428,2000001
2020439,2000001
2020446,2000001
2020455,2000001
2020462,2000001
2020471,2000001
2020478,2000001
2020485,2000001
2020506,2000001
2020513,2000001
2020524,2000001
2020531,2000001
2020538,2000001
2020545,2000001
2020552,2000001
2020597,2000001
2020604,2000001
2020625,2000001
2020632,2000001
2020651,2000001
2020660,2000001
2020667,2000001
2020674,2000001
2020683,2000001
2020692,2000001
2020703,2000001
2020710,2000001
2020717,2000001
2020724,2000001
2020731,2000001
2020740,2000001
2020747,2000001
2020754,2000001
2020761,2000001
2020768,2000001
2020781,2000001
2020794,2000001
2020801,2000001
2020814,2000001
2020823,2000001
2020836,2000001
2020843,2000001
2020864,2000001
2020873,2000001
2020882,2000001
2020889,2000001
2020898,2000001
2020905,2000001
2020912,2000001
2020921,2000001
2020930,2000001
2020941,2000001
2020950,2000001
2020963,2000001
2020970,2000001
2020979,2000001
2020986,2000001
2020993,2000001
2021000,2000001
2021007,2000001
2021016,2000001
2021025,2000001
2021032,2000001
2021041,2000001
2021048,2000001
2021059,2000001
2021068,2000001
2021075,2000001
2021088,2000001
2021097,2000001
2021118,2000001
2021127,2000001
2021134,2000001
2021141,2000001
2021148,2000001
2021157,2000001
2021164,2000001
2021171,2000001
2021178,2000001
2021187,2000001
2021198,2000001
2021207,2000001
2021214,2000001
2021227,2000001
2021240,2000001
2021247,2000001
2021254,2000001
2021261,2000001
2021270,2000001
2021279,2000001
2021286,2000001
2021293,2000001
2021300,2000001
2021307,2000001
2021314,2000001
2021325,2000001
2021334,2000001
2021342,2000001
2021352,2000001
2021358,2000001
2021364,2000001
2021370,2000001
2021376,2000001
2021384,2000001
2021392,2000001
2021402,2000001
2021408,2000001
2021414,2000001
2021420,2000001
2021426,2000001
2021432,2000001
2021438,2000001
2021452,2000001
2021458,2000001
2021466,2000001
2021474,2000001
2021488,2000001
2021498,2000001
2021504,2000001
2021510,2000001
2021516,2000001
2021524,2000001
2021530,2000001
2021536,2000001
2021542,2000001
2021548,2000001
2021554,2000001
2021570,2000001
2021576,2000001
2021584,2000001
2021590,2000001
2021598,2000001
2021604,2000001
2021616,2000001
2021622,2000001
2021631,2000001
2021637,2000001
2021651,2000001
2021663,2000001
2021677,2000001
2021685,2000001
2021691,2000001
2021701,2000001
2021707,2000001
2021713,2000001
2021721,2000001
2021729,2000001
2021735,2000001
2021745,2000001
2021753,2000001
2021759,2000001
2021765,2000001
2021771,2000001
2021777,2000001
2021783,2000001
2021793,2000001
2021801,2000001
2021809,2000001
2021819,2000001
2021825,2000001
2021831,2000001
2021839,2000001
2021845,2000001
2021851,2000001
2021867,2000001
2021873,2000001
2021880,2000001
2021887,2000001
2021901,2000001
2021907,2000001
2021913,2000001
2021919,2000001
2021926,2000001
2021938,2000001
2021944,2000001
2021952,2000001
2021966,2000001
2021974,2000001
2021990,2000001
2021996,2000001
2022006,2000001
2022014,2000001
2022026,2000001
2022034,2000001
2022040,2000001
2022048,2000001
2022054,2000001
2022060,2000001
2022066,2000001
2022072,2000001
2022078,2000001
2022086,2000001
2022094,2000001
2022102,2000001
2022110,2000001
2022118,2000001
2022124,2000001
2022132,2000001
2022138,2000001
2022144,2000001
2022152,2000001
2022158,2000001
2022166,2000001
2022174,2000001
2022180,2000001
2022186,2000001
2022198,2000001
2022204,2000001
2022213,2000001
2022223,2000001
2022229,2000001
2022239,2000001
2022245,2000001
2022281,2000001
2022287,2000001
2022293,2000001
2022299,2000001
2022305,2000001
2022311,2000001
2022317,2000001
2022323,2000001
2022337,2000001
2022347,2000001
2022359,2000001
2022373,2000001
2022379,2000001
2022389,2000001
2022401,2000001
2022411,2000001
2022417,2000001
2022427,2000001
2022433,2000001
2022439,2000001
2022445,2000001
2022455,2000001
2022461,2000001
2022467,2000001
2022479,2000001
2022489,2000001
2022497,2000001
2022505,2000001
2022513,2000001
2022519,2000001
2022525,2000001
2022531,2000001
2022541,2000001
2022547,2000001
2022557,2000001
2022563,2000001
2022569,2000001
2022577,2000001
2022593,2000001
2022599,2000001
2022607,2000001
2022613,2000001
2022619,2000001
2022625,2000001
2022643,2000001
2022651,2000001
2022657,2000001
2022663,2000001
2022669,2000001
2022678,2000001
2022685,2000001
2022691,2000001
2022711,2000001
2022717,2000001
2022727,2000001
2022733,2000001
2022739,2000001
2022745,2000001
2022753,2000001
2022761,2000001
2022767,2000001
2022777,2000001
2022785,2000001
2022793,2000001
2022799,2000001
2022805,2000001
2022823,2000001
2022835,2000001
2022841,2000001
2022847,2000001
2022861,2000001
2022867,2000001
2022873,2000001
2022881,2000001
2022891,2000001
2022901,2000001
2022909,2000001
2022917,2000001
2022925,2000001
2022939,2000001
2022953,2000001
2022967,2000001
2022977,2000001
2022985,2000001
2022996,2000001
2023008,2000001
2023014,2000001
2023021,2000001
2023037,2000001
2023043,2000001
2023061,2000001
2023071,2000001
2023077,2000001
2023083,2000001
2023093,2000001
2023099,2000001
2023109,2000001
2023125,2000001
2023139,2000001
2023145,2000001
2023163,2000001
2023172,2000001
2023182,2000001
2023190,2000001
2023200,2000001
2023206,2000001
2023218,2000001
2023224,2000001
2023236,2000001
2023242,2000001
2023248,2000001
2023284,2000001
2023290,2000001
2023298,2000001
2023306,2000001
2023322,2000001
2023330,2000001
2023336,2000001
2023342,2000001
2023348,2000001
2023358,2000001
2023374,2000001
2023380,2000001
2023386,2000001
2023392,2000001
2023398,2000001
2023408,2000001
2023414,2000001
2023420,2000001
2023426,2000001
2023432,2000001
2023440,2000001
2023472,2000001
2023478,2000001
2023484,2000001
2023500,2000001
2023510,2000001
2023518,2000001
2023528,2000001
2023534,2000001
2023540,2000001
2023546,2000001
2023568,2000001
2023578,2000001
2023584,2000001
2023594,2000001
2023600,2000001
2023610,2000001
2023616,2000001
2023624,2000001
2023630,2000001
2023650,2000001
2023656,2000001
2023664,2000001
2023674,2000001
2023684,2000001
2023694,2000001
2023700,2000001
2023720,2000001
2023726,2000001
2023732,2000001
2023742,2000001
2023756,2000001
2023768,2000001
2023778,2000001
2023794,2000001
2023800,2000001
2023806,2000001
2023812,2000001
2023822,2000001
2023830,2000001
2023838,2000001
2023846,2000001
2023852,2000001
2023858,2000001
2023868,2000001
2023874,2000001
2023882,2000001
2023894,2000001
2023900,2000001
2023906,2000001
2023912,2000001
2023918,2000001
2023924,2000001
2023930,2000001
2023940,2000001
2023950,2000001
2023956,2000001
2023962,2000001
2023968,2000001
2023980,2000001
2023990,2000001
2024004,2000001
2024010,2000001
2024016,2000001
2024022,2000001
2024028,2000001
2024036,2000001
2024048,2000001
2024054,2000001
2024060,2000001
2024066,2000001
2024076,2000001
2024082,2000001
2024088,2000001
2024102,2000001
2024110,2000001
2024116,2000001
2024136,2000001
2024144,2000001
2024153,2000001
2024161,2000001
2024167,2000001
2024177,2000001
2024187,2000001
2024197,2000001
2024205,2000001
2024211,2000001
2024219,2000001
2024241,2000001
2024247,2000001
2024259,2000001
2024267,2000001
2024279,2000001
2024287,2000001
2024293,2000001
2024305,2000001
2024313,2000001
2024319,2000001
2024327,2000001
2024335,2000001
2024345,2000001
2024351,2000001
2024369,2000001
2024375,2000001
2024381,2000001
2024387,2000001
2024403,2000001
2024435,2000001
2024441,2000001
2024447,2000001
2024453,2000001
2024461,2000001
2024467,2000001
2024475,2000001
2024491,2000001
2024501,2000001
2024507,2000001
2024513,2000001
2024519,2000001
2024529,2000001
2024535,2000001
2024543,2000001
2024557,2000001
2024563,2000001
2024569,2000001
2024575,2000001
2024581,2000001
2024587,2000001
2024595,2000001
2024605,2000001
2024615,2000001
2024621,2000001
2024629,2000001
2024637,2000001
2024643,2000001
2024649,2000001
2024655,2000001
2024661,2000001
2024667,2000001
2024673,2000001
2024683,2000001
2024689,2000001
2024699,2000001
2024705,2000001
2024711,2000001
2024725,2000001
2024757,2000001
2024765,2000001
2024771,2000001
2024777,2000001
2024787,2000001
2024795,2000001
2024821,2000001
2024829,2000001
2024843,2000001
2024855,2000001
2024861,2000001
2024875,2000001
2024899,2000001
2024905,2000001
2024923,2000001
2024931,2000001
2024937,2000001
2024944,2000001
2024950,2000001
2024964,2000001
2024970,2000001
2024976,2000001
2024984,2000001
2024998,2000001
2025008,2000001
2025016,2000001
2025024,2000001
2025041,2000001
2025051,2000001
2025057,2000001
2025065,2000001
2025071,2000001
2025077,2000001
2025085,2000001
2025095,2000001
2025105,2000001
2025116,2000001
2025124,2000001
2025131,2000001
2025153,2000001
2025159,2000001
2025165,2000001
2025171,2000001
2025177,2000001
2025187,2000001
2025201,2000001
2025215,2000001
2025221,2000001
2025229,2000001
2025235,2000001
2025243,2000001
2025249,2000001
2025255,2000001
2025261,2000001
2025267,2000001
2025273,2000001
2025283,2000001
2025291,2000001
2025297,2000001
2025303,2000001
2025309,2000001
2025319,2000001
2025325,2000001
2025333,2000001
2025341,2000001
2025351,2000001
2025379,2000001
2025387,2000001
2025409,2000001
2025417,2000001
2025425,2000001
2025435,2000001
2025443,2000001
2025453,2000001
2025459,2000001
2025471,2000001
2025479,2000001
2025491,2000001
2025498,2000001
2025508,2000001
2025514,2000001
2025520,2000001
2025526,2000001
2025538,2000001
2025548,2000001
2025560,2000001
2025568,2000001
2025574,2000001
2025580,2000001
2025586,2000001
2025594,2000001
2025600,2000001
2025606,2000001
2025616,2000001
2025624,2000001
2025632,2000001
2025640,2000001
2025646,2000001
2025652,2000001
2025666,2000001
2025672,2000001
2025678,2000001
2025684,2000001
2025690,2000001
2025706,2000001
2025712,2000001
2025728,2000001
2025734,2000001
2025742,2000001
2025749,2000001
2025761,2000001
2025767,2000001
2025773,2000001
2025779,2000001
2025785,2000001
2025793,2000001
2025803,2000001
2025811,2000001
2025819,2000001
2025833,2000001
2025841,2000001
2025847,2000001
2025859,2000001
2025865,2000001
2025873,2000001
2025879,2000001
2025887,2000001
2025893,2000001
2025901,2000001
2025915,2000001
2025921,2000001
2025931,2000001
2025949,2000001
2025955,2000001
2025961,2000001
2025982,2000001
2025998,2000001
2026026,2000001
2026032,2000001
2026038,2000001
2026044,2000001
2026050,2000001
2026056,2000001
2026078,2000001
2026098,2000001
2026104,2000001
2026112,2000001
2026118,2000001
2026124,2000001
2026130,2000001
2026136,2000001
2026142,2000001
2026148,2000001
2026154,2000001
2026160,2000001
2026174,2000001
2026182,2000001
2026194,2000001
2026201,2000001
2026209,2000001
2026217,2000001
2026225,2000001
2026231,2000001
2026237,2000001
2026247,2000001
2026253,2000001
2026259,2000001
2026265,2000001
2026271,2000001
2026277,2000001
2026283,2000001
2026289,2000001
2026295,2000001
2026301,2000001
2026317,2000001
2026323,2000001
2026345,2000001
2026357,2000001
2026363,2000001
2026369,2000001
2026383,2000001
2026391,2000001
2026397,2000001
2026403,2000001
2026409,2000001
2026416,2000001
2026432,2000001
2026438,2000001
2026450,2000001
2026466,2000001
2026474,2000001
2026508,2000001
2026514,2000001
2026524,2000001
2026530,2000001
2026538,2000001
2026544,2000001
2026554,2000001
2026564,2000001
2026572,2000001
2026580,2000001
2026602,2000001
2026610,2000001
2026618,2000001
2026624,2000001
2026630,2000001
2026649,2000001
2026665,2000001
2026681,2000001
2026689,2000001
2026695,2000001
2026703,2000001
2026709,2000001
2026715,2000001
2026723,2000001
2026729,2000001
2026735,2000001
2026745,2000001
2026751,2000001
2026757,2000001
2026767,2000001
2026779,2000001
2026785,2000001
2026791,2000001
2026797,2000001
2026803,2000001
2026809,2000001
2026831,2000001
2026840,2000001
2026848,2000001
2026858,2000001
2026864,2000001
2026870,2000001
2026892,2000001
2026898,2000001
2026910,2000001
2026918,2000001
2026924,2000001
2026930,2000001
2026936,2000001
2026946,2000001
2026982,2000001
2027004,2000001
2027010,2000001
2027018,2000001
2027028,2000001
2027036,2000001
2027042,2000001
2027048,2000001
2027054,2000001
2027060,2000001
2027068,2000001
2027074,2000001
2027080,2000001
2027088,2000001
2027096,2000001
2027102,2000001
2027108,2000001
2027132,2000001
2027138,2000001
2027146,2000001
2027156,2000001
2027164,2000001
2027170,2000001
2027176,2000001
2027182,2000001
2027188,2000001
2027196,2000001
2027206,2000001
2027216,2000001
2027228,2000001
2027236,2000001
2027242,2000001
2027250,2000001
2027256,2000001
2027262,2000001
2027268,2000001
2027276,2000001
2027284,2000001
2027290,2000001
2027301,2000001
2027307,2000001
2027313,2000001
2027325,2000001
2027331,2000001
2027337,2000001
2027345,2000001
2027351,2000001
2027369,2000001
2027379,2000001
2027385,2000001
2027391,2000001
2027397,2000001
2027403,2000001
2027415,2000001
2027421,2000001
2027427,2000001
2027433,2000001
2027439,2000001
2027445,2000001
2027451,2000001
2027457,2000001
2027467,2000001
2027485,2000001
2027491,2000001
2027497,2000001
2027505,2000001
2027511,2000001
2027519,2000001
2027527,2000001
2027533,2000001
2027539,2000001
2027546,2000001
2027552,2000001
2027568,2000001
2027576,2000001
2027582,2000001
2027588,2000001
2027596,2000001
2027602,2000001
2027608,2000001
2027614,2000001
2027620,2000001
2027626,2000001
2027636,2000001
2027642,2000001
2027648,2000001
2027656,2000001
2027662,2000001
2027668,2000001
2027680,2000001
2027686,2000001
2027694,2000001
2027702,2000001
2027712,2000001
2027718,2000001
2027728,2000001
2027734,2000001
2027740,2000001
2027749,2000001
2027761,2000001
2027771,2000001
2027781,2000001
2027789,2000001
2027795,2000001
2027801,2000001
2027807,2000001
2027817,2000001
2027825,2000001
2027831,2000001
2027837,2000001
2027849,2000001
2027865,2000001
2027871,2000001
2027879,2000001
2027887,2000001
2027895,2000001
2027901,2000001
2027907,2000001
2027917,2000001
2027925,2000001
2027933,2000001
2027941,2000001
2027947,2000001
2027959,2000001
2027977,2000001
2027985,2000001
2027991,2000001
2027997,2000001
2028005,2000001
2028011,2000001
2028019,2000001
2028025,2000001
2028031,2000001
2028037,2000001
2028047,2000001
2028053,2000001
2028059,2000001
2028067,2000001
2028075,2000001
2028082,2000001
2028092,2000001
2028104,2000001
2028112,2000001
2028118,2000001
2028124,2000001
2028132,2000001
2028138,2000001
2028164,2000001
2028182,2000001
2028194,2000001
2028208,2000001
2028214,2000001
2028224,2000001
2028258,2000001
2028264,2000001
2028274,2000001
2028282,2000001
2028288,2000001
2028298,2000001
2028305,2000001
2028312,2000001
2028333,2000001
2028340,2000001
2028361,2000001
2028370,2000001
2028387,2000001
2028394,2000001
2028401,2000001
2028416,2000001
2028427,2000001
2028440,2000001
2028449,2000001
2028456,2000001
2028463,2000001
2028474,2000001
2028481,2000001
2028488,2000001
2028496,2000001
2028503,2000001
2028510,2000001
2028519,2000001
2028526,2000001
2028535,2000001
2028542,2000001
2028549,2000001
2028558,2000001
2028564,2000001
2028573,2000001
2028580,2000001
2028589,2000001
2028596,2000001
2028605,2000001
2028614,2000001
2028621,2000001
2028630,2000001
2028637,2000001
2028644,2000001
2028651,2000001
2028660,2000001
2028669,2000001
2028678,2000001
2028689,2000001
2028696,2000001
2028703,2000001
2028710,2000001
2028719,2000001
2028732,2000001
2028739,2000001
2028748,2000001
2028757,2000001
2028764,2000001
2028771,2000001
2028778,2000001
2028789,2000001
2028796,2000001
2028805,2000001
2028816,2000001
2028823,2000001
2028834,2000001
2028841,2000001
2028850,2000001
2028859,2000001
2028882,2000001
2028889,2000001
2028896,2000001
2028905,2000001
2028912,2000001
2028919,2000001
2028936,2000001
2028947,2000001
2028954,2000001
2028964,2000001
2028977,2000001
2028984,2000001
2028991,2000001
2028998,2000001
2029007,2000001
2029016,2000001
2029023,2000001
2029030,2000001
2029045,2000001
2029052,2000001
2029063,2000001
2029070,2000001
2029077,2000001
2029084,2000001
2029091,2000001
2029100,2000001
2029115,2000001
2029124,2000001
2029135,2000001
2029146,2000001
2029155,2000001
2029164,2000001
2029173,2000001
2029192,2000001
2029201,2000001
2029210,2000001
2029219,2000001
2029226,2000001
2029239,2000001
2029246,2000001
2029255,2000001
2029268,2000001
2029277,2000001
2029284,2000001
2029293,2000001
2029304,2000001
2029313,2000001
2029328,2000001
2029337,2000001
2029344,2000001
2029353,2000001
2029362,2000001
2029370,2000001
2029381,2000001
2029388,2000001
2029397,2000001
2029432,2000001
2029439,2000001
2029447,2000001
2029456,2000001
2029465,2000001
2029472,2000001
2029479,2000001
2029488,2000001
2029497,2000001
2029504,2000001
2029513,2000001
2029522,2000001
2029529,2000001
2029542,2000001
2029555,2000001
2029572,2000001
2029579,2000001
2029598,2000001
2029611,2000001
2029618,2000001
2029631,2000001
2029642,2000001
2029679,2000001
2029698,2000001
2029707,2000001
2029714,2000001
2029723,2000001
2029732,2000001
2029743,2000001
2029750,2000001
2029769,2000001
2029780,2000001
2029787,2000001
2029802,2000001
2029809,2000001
2029817,2000001
2029824,2000001
2029831,2000001
2029840,2000001
2029847,2000001
2029856,2000001
2029865,2000001
2029874,2000001
2029881,2000001
2029890,2000001
2029899,2000001
2029906,2000001
2029921,2000001
2029930,2000001
2029939,2000001
2029948,2000001
2029955,2000001
2029962,2000001
2029971,2000001
2029982,2000001
2030009,2000001
2030018,2000001
2030029,2000001
2030036,2000001
2030043,2000001
2030050,2000001
2030057,2000001
2030064,2000001
2030071,2000001
2030078,2000001
2030087,2000001
2030094,2000001
2030100,2000001
2030109,2000001
2030116,2000001
2030123,2000001
2030142,2000001
2030157,2000001
2030164,2000001
2030170,2000001
2030185,2000001
2030194,2000001
2030205,2000001
2030218,2000001
2030231,2000001
2030238,2000001
2030251,2000001
2030266,2000001
2030275,2000001
2030282,2000001
2030297,2000001
2030304,2000001
2030313,2000001
2030320,2000001
2030347,2000001
2030356,2000001
2030363,2000001
2030370,2000001
2030377,2000001
2030384,2000001
2030391,2000001
2030398,2000001
2030407,2000001
2030414,2000001
2030427,2000001
2030436,2000001
2030445,2000001
2030452,2000001
2030461,2000001
2030479,2000001
2030488,2000001
2030495,2000001
2030502,2000001
2030509,2000001
2030518,2000001
2030528,2000001
2030539,2000001
2030546,2000001
2030555,2000001
2030562,2000001
2030571,2000001
2030578,2000001
2030585,2000001
2030592,2000001
2030603,2000001
2030610,2000001
2030621,2000001
2030630,2000001
2030643,2000001
2030650,2000001
2030661,2000001
2030668,2000001
2030679,2000001
2030688,2000001
2030695,2000001
2030712,2000001
2030719,2000001
2030728,2000001
2030735,2000001
2030746,2000001
2030771,2000001
2030780,2000001
2030787,2000001
2030794,2000001
2030801,2000001
2030810,2000001
2030835,2000001
2030846,2000001
2030857,2000001
2030866,2000001
2030873,2000001
2030888,2000001
2030899,2000001
2030908,2000001
2030919,2000001
2030926,2000001
2030933,2000001
2030968,2000001
2030977,2000001
2030988,2000001
2031007,2000001
2031030,2000001
2031037,2000001
2031048,2000001
2031055,2000001
2031066,2000001
2031073,2000001
2031080,2000001
2031090,2000001
2031105,2000001
2031112,2000001
2031119,2000001
2031128,2000001
2031135,2000001
2031142,2000001
2031149,2000001
2031156,2000001
2031163,2000001
2031176,2000001
2031183,2000001
2031194,2000001
2031203,2000001
2031210,2000001
2031219,2000001
2031230,2000001
2031237,2000001
2031246,2000001
2031257,2000001
2031264,2000001
2031285,2000001
2031294,2000001
2031303,2000001
2031312,2000001
2031327,2000001
2031342,2000001
2031349,2000001
2031362,2000001
2031371,2000001
2031394,2000001
2031405,2000001
2031412,2000001
2031431,2000001
2031442,2000001
2031449,2000001
2031456,2000001
2031467,2000001
2031484,2000001
2031491,2000001
2031498,2000001
2031511,2000001
2031520,2000001
2031535,2000001
2031544,2000001
2031585,2000001
2031600,2000001
2031609,2000001
2031622,2000001
2031629,2000001
2031636,2000001
2031663,2000001
2031670,2000001
2031703,2000001
2031714,2000001
2031721,2000001
2031730,2000001
2031737,2000001
2031750,2000001
2031757,2000001
2031764,2000001
2031779,2000001
2031788,2000001
2031795,2000001
2031808,2000001
2031817,2000001
2031826,2000001
2031833,2000001
2031848,2000001
2031857,2000001
2031864,2000001
2031871,2000001
2031878,2000001
2031893,2000001
2031900,2000001
2031909,2000001
2031916,2000001
2031927,2000001
2031936,2000001
2031943,2000001
2031954,2000001
2031961,2000001
2031968,2000001
2031979,2000001
2031988,2000001
2031995,2000001
2032014,2000001
2032021,2000001
2032028,2000001
2032037,2000001
2032044,2000001
2032053,2000001
2032092,2000001
2032099,2000001
2032106,2000001
2032119,2000001
2032132,2000001
2032149,2000001
2032156,2000001
2032171,2000001
2032180,2000001
2032199,2000001
2032206,2000001
2032221,2000001
2032230,2000001
2032241,2000001
2032250,2000001
2032259,2000001
2032266,2000001
2032273,2000001
2032280,2000001
2032287,2000001
2032294,2000001
2032301,2000001
2032308,2000001
2032315,2000001
2032324,2000001
2032349,2000001
2032356,2000001
2032365,2000001
2032372,2000001
2032379,2000001
2032390,2000001
2032397,2000001
2032406,2000001
2032415,2000001
2032424,2000001
2032430,2000001
2032441,2000001
2032450,2000001
2032461,2000001
2032468,2000001
2032475,2000001
2032482,2000001
2032491,2000001
2032500,2000001
2032509,2000001
2032518,2000001
2032525,2000001
2032540,2000001
2032547,2000001
2032554,2000001
2032561,2000001
2032568,2000001
2032577,2000001
2032584,2000001
2032591,2000001
2032598,2000001
2032617,2000001
2032632,2000001
2032639,2000001
2032646,2000001
2032653,2000001
2032660,2000001
2032677,2000001
2032686,2000001
2032695,2000001
2032716,2000001
2032723,2000001
2032732,2000001
2032743,2000001
2032750,2000001
2032757,2000001
2032770,2000001
2032780,2000001
2032789,2000001
2032802,2000001
2032823,2000001
2032830,2000001
2032837,2000001
2032846,2000001
2032855,2000001
2032862,2000001
2032871,2000001
2032886,2000001
2032895,2000001
2032904,2000001
2032913,2000001
2032920,2000001
2032929,2000001
2032942,2000001
2032949,2000001
2032958,2000001
2032965,2000001
2032974,2000001
2032981,2000001
2032994,2000001
2033001,2000001
2033010,2000001
2033021,2000001
2033036,2000001
2033043,2000001
2033054,2000001
2033065,2000001
2033072,2000001
2033083,2000001
2033091,2000001
2033100,2000001
2033109,2000001
2033116,2000001
2033131,2000001
2033138,2000001
2033151,2000001
2033160,2000001
2033173,2000001
2033184,2000001
2033191,2000001
2033210,2000001
2033231,2000001
2033238,2000001
2033245,2000001
2033252,2000001
2033261,2000001
2033278,2000001
2033285,2000001
2033292,2000001
2033301,2000001
2033314,2000001
2033323,2000001
2033332,2000001
2033341,2000001
2033350,2000001
2033357,2000001
2033366,2000001
2033379,2000001
2033388,2000001
2033395,2000001
2033424,2000001
2033437,2000001
2033444,2000001
2033453,2000001
2033460,2000001
2033469,2000001
2033476,2000001
2033485,2000001
2033492,2000001
2033499,2000001
2033508,2000001
2033515,2000001
2033524,2000001
2033531,2000001
2033540,2000001
2033549,2000001
2033556,2000001
2033563,2000001
2033570,2000001
2033579,2000001
2033588,2000001
2033609,2000001
2033616,2000001
2033623,2000001
2033632,2000001
2033641,2000001
2033658,2000001
2033671,2000001
2033678,2000001
2033685,2000001
2033694,2000001
2033703,2000001
2033710,2000001
2033721,2000001
2033728,2000001
2033735,2000001
2033744,2000001
2033751,2000001
2033758,2000001
2033767,2000001
2033774,2000001
2033789,2000001
2033796,2000001
2033803,2000001
2033816,2000001
2033825,2000001
2033834,2000001
2033841,2000001
2033848,2000001
2033857,2000001
2033866,2000001
2033889,2000001
2033898,2000001
2033907,2000001
2033920,2000001
2033927,2000001
2033942,2000001
2033949,2000001
2033958,2000001
2033965,2000001
2033972,2000001
2033983,2000001
2034002,2000001
2034013,2000001
2034022,2000001
2034029,2000001
2034036,2000001
2034043,2000001
2034050,2000001
2034057,2000001
2034064,2000001
2034075,2000001
2034082,2000001
2034089,2000001
2034096,2000001
2034115,2000001
2034122,2000001
2034131,2000001
2034138,2000001
2034147,2000001
2034154,2000001
2034161,2000001
2034170,2000001
2034191,2000001
2034212,2000001
2034219,2000001
2034226,2000001
2034243,2000001
2034252,2000001
2034259,2000001
2034266,2000001
2034275,2000001
2034284,2000001
2034291,2000001
2034312,2000001
2034319,2000001
2034332,2000001
2034339,2000001
2034348,2000001
2034355,2000001
2034368,2000001
2034375,2000001
2034382,2000001
2034389,2000001
2034414,2000001
2034421,2000001
2034428,2000001
2034443,2000001
2034450,2000001
2034465,2000001
2034474,2000001
2034483,2000001
2034490,2000001
2034497,2000001
2034508,2000001
2034517,2000001
2034524,2000001
2034531,2000001
2034538,2000001
2034545,2000001
2034554,2000001
2034563,2000001
2034572,2000001
2034579,2000001
2034590,2000001
2034599,2000001
2034608,2000001
2034615,2000001
2034624,2000001
2034631,2000001
2034640,2000001
2034651,2000001
2034664,2000001
2034673,2000001
2034682,2000001
2034691,2000001
2034700,2000001
2034707,2000001
2034724,2000001
2034737,2000001
2034744,2000001
2034751,2000001
2034758,2000001
2034765,2000001
2034772,2000001
2034779,2000001
2034788,2000001
2034799,2000001
2034806,2000001
2034813,2000001
2034820,2000001
2034827,2000001
2034846,2000001
2034861,2000001
2034868,2000001
2034875,2000001
2034882,2000001
2034891,2000001
2034908,2000001
2034915,2000001
2034924,2000001
2034931,2000001
2034940,2000001
2034949,2000001
2034956,2000001
2034969,2000001
2034988,2000001
2034997,2000001
2035004,2000001
2035013,2000001
2035020,2000001
2035027,2000001
2035038,2000001
2035047,2000001
2035058,2000001
2035065,2000001
2035072,2000001
2035087,2000001
2035096,2000001
2035103,2000001
2035110,2000001
2035121,2000001
2035130,2000001
2035137,2000001
2035148,2000001
2035161,2000001
2035168,2000001
2035183,2000001
2035198,2000001
2035207,2000001
2035214,2000001
2035221,2000001
2035230,2000001
2035253,2000001
2035268,2000001
2035275,2000001
2035282,2000001
2035291,2000001
2035300,2000001
2035309,2000001
2035318,2000001
2035325,2000001
2035332,2000001
2035341,2000001
2035350,2000001
2035365,2000001
2035394,2000001
2035403,2000001
2035412,2000001
2035421,2000001
2035430,2000001
2035437,2000001
2035444,2000001
2035451,2000001
2035460,2000001
2035467,2000001
2035474,2000001
2035481,2000001
2035494,2000001
2035541,2000001
2035548,2000001
2035555,2000001
2035564,2000001
2035573,2000001
2035600,2000001
2035609,2000001
2035622,2000001
2035633,2000001
2035641,2000001
2035658,2000001
2035665,2000001
2035672,2000001
2035685,2000001
2035710,2000001
2035719,2000001
2035728,2000001
2035735,2000001
2035744,2000001
2035751,2000001
2035758,2000001
2035771,2000001
2035784,2000001
2035797,2000001
2035804,2000001
2035813,2000001
2035824,2000001
2035831,2000001
2035838,2000001
2035851,2000001
2035858,2000001
2035875,2000001
2035884,2000001
2035893,2000001
2035900,2000001
2035907,2000001
2035924,2000001
2035939,2000001
2035958,2000001
2035967,2000001
2035974,2000001
2035981,2000001
2035988,2000001
2035997,2000001
2036006,2000001
2036015,2000001
2036022,2000001
2036031,2000001
2036044,2000001
2036051,2000001
2036060,2000001
2036067,2000001
2036074,2000001
2036081,2000001
2036088,2000001
2036095,2000001
2036102,2000001
2036109,2000001
2036120,2000001
2036129,2000001
2036136,2000001
2036143,2000001
2036160,2000001
2036167,2000001
2036176,2000001
2036183,2000001
2036206,2000001
2036215,2000001
2036224,2000001
2036233,2000001
2036240,2000001
2036247,2000001
2036254,2000001
2036265,2000001
2036272,2000001
2036281,2000001
2036304,2000001
2036313,2000001
2036322,2000001
2036329,2000001
2036340,2000001
2036347,2000001
2036354,2000001
2036363,2000001
2036372,2000001
2036383,2000001
2036390,2000001
2036403,2000001
2036410,2000001
2036417,2000001
2036428,2000001
2036447,2000001
2036454,2000001
2036465,2000001
2036482,2000001
2036491,2000001
2036498,2000001
2036505,2000001
2036514,2000001
2036521,2000001
2036528,2000001
2036535,2000001
2036542,2000001
2036549,2000001
2036556,2000001
2036573,2000001
2036586,2000001
2036593,2000001
2036600,2000001
2036609,2000001
2036616,2000001
2036623,2000001
2036634,2000001
2036645,2000001
2036652,2000001
2036676,2000001
2036683,2000001
2036694,2000001
2036701,2000001
2036710,2000001
2036719,2000001
2036726,2000001
2036733,2000001
2036740,2000001
2036749,2000001
2036756,2000001
2036763,2000001
2036772,2000001
2036783,2000001
2036792,2000001
2036799,2000001
2036812,2000001
2036819,2000001
2036826,2000001
2036833,2000001
2036842,2000001
2036849,2000001
2036856,2000001
2036863,2000001
2036870,2000001
2036883,2000001
2036890,2000001
2036899,2000001
2036906,2000001
2036919,2000001
2036944,2000001
2036951,2000001
2036958,2000001
2036965,2000001
2036974,2000001
2036999,2000001
2037008,2000001
2037031,2000001
2037042,2000001
2037051,2000001
2037068,2000001
2037077,2000001
2037084,2000001
2037095,2000001
2037102,2000001
2037125,2000001
2037134,2000001
2037141,2000001
2037150,2000001
2037157,2000001
2037164,2000001
2037175,2000001
2037182,2000001
2037189,2000001
2037196,2000001
2037203,2000001
2037210,2000001
2037223,2000001
2037230,2000001
2037237,2000001
2037244,2000001
2037253,2000001
2037260,2000001
2037267,2000001
2037282,2000001
2037289,2000001
2037302,2000001
2037309,2000001
2037318,2000001
2037325,2000001
2037332,2000001
2037339,2000001
2037346,2000001
2037353,2000001
2037362,2000001
2037375,2000001
2037390,2000001
2037401,2000001
2037408,2000001
2037415,2000001
2037422,2000001
2037431,2000001
2037440,2000001
2037449,2000001
2037458,2000001
2037475,2000001
2037492,2000001
2037499,2000001
2037506,2000001
2037515,2000001
2037522,2000001
2037531,2000001
2037538,2000001
2037545,2000001
2037552,2000001
2037559,2000001
2037566,2000001
2037573,2000001
2037584,2000001
2037595,2000001
2037602,2000001
2037609,2000001
2037616,2000001
2037623,2000001
2037630,2000001
2037637,2000001
2037655,2000001
2037662,2000001
2037669,2000001
2037678,2000001
2037685,2000001
2037702,2000001
2037708,2000001
2037715,2000001
2037736,2000001
2037745,2000001
2037756,2000001
2037771,2000001
2037780,2000001
2037787,2000001
2037794,2000001
2037809,2000001
2037816,2000001
2037831,2000001
2037840,2000001
2037849,2000001
2037858,2000001
2037875,2000001
2037884,2000001
2037891,2000001
2037898,2000001
2037907,2000001
2037918,2000001
2037929,2000001
2037950,2000001
2037957,2000001
2037966,2000001
2037975,2000001
2037986,2000001
2037993,2000001
2038014,2000001
2038029,2000001
2038046,2000001
2038053,2000001
2038070,2000001
2038077,2000001
2038086,2000001
2038093,2000001
2038102,2000001
2038113,2000001
2038124,2000001
2038131,2000001
2038144,2000001
2038155,2000001
2038162,2000001
2038169,2000001
2038176,2000001
2038187,2000001
2038194,2000001
2038209,2000001
2038220,2000001
2038227,2000001
2038236,2000001
2038247,2000001
2038256,2000001
2038263,2000001
2038274,2000001
2038281,2000001
2038300,2000001
2038309,2000001
2038330,2000001
2038337,2000001
2038344,2000001
2038359,2000001
2038366,2000001
2038373,2000001
2038380,2000001
2038387,2000001
2038394,2000001
2038403,2000001
2038410,2000001
2038421,2000001
2038428,2000001
2038435,2000001
2038444,2000001
2038451,2000001
2038458,2000001
2038471,2000001
2038478,2000001
2038485,2000001
2038500,2000001
2038515,2000001
2038524,2000001
2038531,2000001
2038538,2000001
2038551,2000001
2038564,2000001
2038571,2000001
2038586,2000001
2038597,2000001
2038606,2000001
2038629,2000001
2038636,2000001
2038643,2000001
2038652,2000001
2038659,2000001
2038666,2000001
2038675,2000001
2038682,2000001
2038693,2000001
2038702,2000001
2038713,2000001
2038720,2000001
2038731,2000001
2038746,2000001
2038753,2000001
2038760,2000001
2038769,2000001
2038784,2000001
2038799,2000001
2038806,2000001
2038813,2000001
2038820,2000001
2038827,2000001
2038838,2000001
2038845,2000001
2038852,2000001
2038861,2000001
2038868,2000001
2038876,2000001
2038884,2000001
2038892,2000001
2038904,2000001
2038910,2000001
2038916,2000001
2038926,2000001
2038934,2000001
2038941,2000001
2038947,2000001
2038959,2000001
2038965,2000001
2038973,2000001
2038983,2000001
2038989,2000001
2038997,2000001
2039003,2000001
2039011,2000001
2039019,2000001
2039033,2000001
2039053,2000001
2039061,2000001
2039067,2000001
2039073,2000001
2039079,2000001
2039089,2000001
2039095,2000001
2039102,2000001
2039108,2000001
2039114,2000001
2039120,2000001
2039130,2000001
2039158,2000001
2039164,2000001
2039172,2000001
2039180,2000001
2039202,2000001
2039222,2000001
2039228,2000001
2039234,2000001
2039262,2000001
2039268,2000001
2039278,2000001
2039284,2000001
2039290,2000001
2039304,2000001
2039328,2000001
2039336,2000001
2039344,2000001
2039352,2000001
2039358,2000001
2039364,2000001
2039378,2000001
2039384,2000001
2039392,2000001
2039436,2000001
2039442,2000001
2039448,2000001
2039456,2000001
2039468,2000001
2039482,2000001
2039490,2000001
2039500,2000001
2039507,2000001
2039513,2000001
2039519,2000001
2039527,2000001
2039545,2000001
2039551,2000001
2039557,2000001
2039569,2000001
2039580,2000001
2039586,2000001
2039594,2000001
2039602,2000001
2039610,2000001
2039622,2000001
2039628,2000001
2039636,2000001
2039642,2000001
2039654,2000001
2039660,2000001
2039674,2000001
2039680,2000001
2039700,2000001
2039709,2000001
2039717,2000001
2039735,2000001
2039741,2000001
2039749,2000001
2039761,2000001
2039769,2000001
2039777,2000001
2039787,2000001
2039799,2000001
2039809,2000001
2039819,2000001
2039831,2000001
2039837,2000001
2039843,2000001
2039853,2000001
2039875,2000001
2039885,2000001
2039891,2000001
2039901,2000001
2039907,2000001
2039913,2000001
2039919,2000001
2039925,2000001
2039931,2000001
2039937,2000001
2039943,2000001
2039957,2000001
2039963,2000001
2039971,2000001
2039983,2000001
2039997,2000001
2040003,2000001
2040019,2000001
2040039,2000001
2040051,2000001
2040065,2000001
2040071,2000001
2040077,2000001
2040089,2000001
2040097,2000001
2040106,2000001
2040112,2000001
2040120,2000001
2040128,2000001
2040136,2000001
2040142,2000001
2040148,2000001
2040156,2000001
2040164,2000001
2040170,2000001
2040176,2000001
2040184,2000001
2040190,2000001
2040196,2000001
2040202,2000001
2040208,2000001
2040230,2000001
2040236,2000001
2040242,2000001
2040252,2000001
2040258,2000001
2040264,2000001
2040270,2000001
2040280,2000001
2040288,2000001
2040294,2000001
2040304,2000001
2040310,2000001
2040316,2000001
2040332,2000001
2040340,2000001
2040346,2000001
2040354,2000001
2040360,2000001
2040372,2000001
2040380,2000001
2040386,2000001
2040392,2000001
2040400,2000001
2040412,2000001
2040418,2000001
2040424,2000001
2040434,2000001
2040440,2000001
2040446,2000001
2040464,2000001
2040470,2000001
2040476,2000001
2040484,2000001
2040492,2000001
2040500,2000001
2040534,2000001
2040543,2000001
2040551,2000001
2040559,2000001
2040567,2000001
2040573,2000001
2040579,2000001
2040587,2000001
2040597,2000001
2040603,2000001
2040611,2000001
2040617,2000001
2040623,2000001
2040629,2000001
2040635,2000001
2040641,2000001
2040647,2000001
2040653,2000001
2040659,2000001
2040665,2000001
2040671,2000001
2040677,2000001
2040689,2000001
2040697,2000001
2040703,2000001
2040711,2000001
2040723,2000001
2040729,2000001
2040735,2000001
2040747,2000001
2040755,2000001
2040765,2000001
2040773,2000001
2040779,2000001
2040785,2000001
2040793,2000001
2040799,2000001
2040805,2000001
2040825,2000001
2040835,2000001
2040841,2000001
2040847,2000001
2040854,2000001
2040864,2000001
2040872,2000001
2040882,2000001
2040890,2000001
2040896,2000001
2040902,2000001
2040908,2000001
2040914,2000001
2040922,2000001
2040934,2000001
2040954,2000001
2040960,2000001
2040966,2000001
2040972,2000001
2040980,2000001
2040986,2000001
2041004,2000001
2041010,2000001
2041016,2000001
2041022,2000001
2041029,2000001
2041039,2000001
2041045,2000001
2041051,2000001
2041059,2000001
2041067,2000001
2041073,2000001
2041079,2000001
2041085,2000001
2041091,2000001
2041101,2000001
2041107,2000001
2041117,2000001
2041127,2000001
2041141,2000001
2041155,2000001
2041161,2000001
2041167,2000001
2041173,2000001
2041199,2000001
2041205,2000001
2041211,2000001
2041218,2000001
2041224,2000001
2041232,2000001
2041240,2000001
2041246,2000001
2041265,2000001
2041271,2000001
2041295,2000001
2041305,2000001
2041313,2000001
2041347,2000001
2041357,2000001
2041363,2000001
2041369,2000001
2041375,2000001
2041381,2000001
2041413,2000001
2041419,2000001
2041427,2000001
2041434,2000001
2041440,2000001
2041446,2000001
2041452,2000001
2041468,2000001
2041474,2000001
2041488,2000001
2041524,2000001
2041530,2000001
2041536,2000001
2041543,2000001
2041551,2000001
2041559,2000001
2041577,2000001
2041593,2000001
2041599,2000001
2041607,2000001
2041613,2000001
2041621,2000001
2041629,2000001
2041641,2000001
2041655,2000001
2041661,2000001
2041669,2000001
2041675,2000001
2041685,2000001
2041693,2000001
2041699,2000001
2041705,2000001
2041713,2000001
2041719,2000001
2041733,2000001
2041743,2000001
2041751,2000001
2041762,2000001
2041784,2000001
2041796,2000001
2041804,2000001
2041810,2000001
2041816,2000001
2041832,2000001
2041838,2000001
2041846,2000001
2041854,2000001
2041863,2000001
2041870,2000001
2041879,2000001
2041888,2000001
2041897,2000001
2041906,2000001
2041915,2000001
2041938,2000001
2041945,2000001
2041952,2000001
2041959,2000001
2041966,2000001
2041973,2000001
2041984,2000001
2041991,2000001
2041998,2000001
2042005,2000001
2042012,2000001
2042019,2000001
2042026,2000001
2042045,2000001
2042052,2000001
2042059,2000001
2042066,2000001
2042091,2000001
2042098,2000001
2042105,2000001
2042112,2000001
2042125,2000001
2042132,2000001
2042141,2000001
2042154,2000001
2042163,2000001
2042174,2000001
2042181,2000001
2042188,2000001
2042199,2000001
2042206,2000001
2042215,2000001
2042224,2000001
2042233,2000001
2042244,2000001
2042251,2000001
2042258,2000001
2042265,2000001
2042272,2000001
2042279,2000001
2042302,2000001
2042311,2000001
2042318,2000001
2042327,2000001
2042334,2000001
2042341,2000001
2042348,2000001
2042359,2000001
2042370,2000001
2042395,2000001
2042402,2000001
2042409,2000001
2042416,2000001
2042429,2000001
2042436,2000001
2042443,2000001
2042452,2000001
2042461,2000001
2042470,2000001
2042477,2000001
2042484,2000001
2042503,2000001
2042510,2000001
2042517,2000001
2042524,2000001
2042531,2000001
2042538,2000001
2042545,2000001
2042556,2000001
2042563,2000001
2042576,2000001
2042585,2000001
2042594,2000001
2042601,2000001
2042608,2000001
2042615,2000001
2042622,2000001
2042637,2000001
2042644,2000001
2042651,2000001
2042664,2000001
2042671,2000001
2042682,2000001
2042691,2000001
2042702,2000001
2042709,2000001
2042716,2000001
2042723,2000001
2042730,2000001
2042737,2000001
2042746,2000001
2042753,2000001
2042760,2000001
2042767,2000001
2042776,2000001
2042785,2000001
2042792,2000001
2042799,2000001
2042824,2000001
2042835,2000001
2042842,2000001
2042851,2000001
2042869,2000001
2042876,2000001
2042883,2000001
2042890,2000001
2042897,2000001
2042930,2000001
2042939,2000001
2042956,2000001
2042963,2000001
2042981,2000001
2042990,2000001
2043011,2000001
2043018,2000001
2043027,2000001
2043036,2000001
2043043,2000001
2043054,2000001
2043063,2000001
2043070,2000001
2043079,2000001
2043090,2000001
2043099,2000001
2043108,2000001
2043115,2000001
2043122,2000001
2043129,2000001
2043136,2000001
2043145,2000001
2043154,2000001
2043163,2000001
2043170,2000001
2043177,2000001
2043184,2000001
2043191,2000001
2043198,2000001
2043205,2000001
2043214,2000001
2043223,2000001
2043232,2000001
2043239,2000001
2043252,2000001
2043263,2000001
2043272,2000001
2043279,2000001
2043286,2000001
2043297,2000001
2043308,2000001
2043317,2000001
2043324,2000001
2043333,2000001
2043342,2000001
2043369,2000001
2043376,2000001
2043383,2000001
2043398,2000001
2043405,2000001
2043414,2000001
2043421,2000001
2043430,2000001
2043439,2000001
2043446,2000001
2043453,2000001
2043462,2000001
2043471,2000001
2043478,2000001
2043485,2000001
2043500,2000001
2043509,2000001
2043524,2000001
2043531,2000001
2043540,2000001
2043549,2000001
2043558,2000001
2043579,2000001
2043590,2000001
2043597,2000001
2043604,2000001
2043611,2000001
2043620,2000001
2043629,2000001
2043636,2000001
2043643,2000001
2043650,2000001
2043661,2000001
2043692,2000001
2043699,2000001
2043706,2000001
2043713,2000001
2043720,2000001
2043727,2000001
2043744,2000001
2043753,2000001
2043760,2000001
2043769,2000001
2043786,2000001
2043795,2000001
2043804,2000001
2043813,2000001
2043830,2000001
2043841,2000001
2043850,2000001
2043859,2000001
2043868,2000001
2043877,2000001
2043886,2000001
2043893,2000001
2043906,2000001
2043913,2000001
2043920,2000001
2043927,2000001
2043936,2000001
2043945,2000001
2043956,2000001
2043965,2000001
2043978,2000001
2043987,2000001
2043994,2000001
2044001,2000001
2044008,2000001
2044015,2000001
2044022,2000001
2044031,2000001
2044038,2000001
2044045,2000001
2044054,2000001
2044065,2000001
2044074,2000001
2044081,2000001
2044090,2000001
2044097,2000001
2044104,2000001
2044113,2000001
2044120,2000001
2044129,2000001
2044138,2000001
2044147,2000001
2044154,2000001
2044163,2000001
2044172,2000001
2044193,2000001
2044202,2000001
2044211,2000001
2044220,2000001
2044233,2000001
2044240,2000001
2044249,2000001
2044258,2000001
2044267,2000001
2044276,2000001
2044285,2000001
2044292,2000001
2044301,2000001
2044308,2000001
2044315,2000001
2044326,2000001
2044335,2000001
2044344,2000001
2044353,2000001
2044370,2000001
2044377,2000001
2044384,2000001
2044393,2000001
2044402,2000001
2044409,2000001
2044416,2000001
2044439,2000001
2044446,2000001
2044453,2000001
2044462,2000001
2044471,2000001
2044478,2000001
2044491,2000001
2044498,2000001
2044505,2000001
2044522,2000001
2044535,2000001
2044542,2000001
2044549,2000001
2044558,2000001
2044569,2000001
2044582,2000001
2044591,2000001
2044598,2000001
2044605,2000001
2044612,2000001
2044625,2000001
2044632,2000001
2044639,2000001
2044654,2000001
2044661,2000001
2044674,2000001
2044697,2000001
2044704,2000001
2044719,2000001
2044728,2000001
2044735,2000001
2044742,2000001
2044751,2000001
2044758,2000001
2044779,2000001
2044786,2000001
2044795,2000001
2044802,2000001
2044815,2000001
2044822,2000001
2044831,2000001
2044838,2000001
2044845,2000001
2044854,2000001
2044869,2000001
2044880,2000001
2044889,2000001
2044898,2000001
2044917,2000001
2044924,2000001
2044931,2000001
2044940,2000001
2044949,2000001
2044970,2000001
2044977,2000001
2044986,2000001
2044996,2000001
2045031,2000001
2045042,2000001
2045057,2000001
2045064,2000001
2045073,2000001
2045084,2000001
2045095,2000001
2045104,2000001
2045111,2000001
2045118,2000001
2045131,2000001
2045140,2000001
2045149,2000001
2045156,2000001
2045165,2000001
2045172,2000001
2045179,2000001
2045194,2000001
2045201,2000001
2045216,2000001
2045239,2000001
2045246,2000001
2045257,2000001
2045264,2000001
2045275,2000001
2045282,2000001
2045305,2000001
2045314,2000001
2045323,2000001
2045332,2000001
2045341,2000001
2045348,2000001
2045355,2000001
2045370,2000001
2045437,2000001
2045446,2000001
2045453,2000001
2045462,2000001
2045471,2000001
2045480,2000001
2045487,2000001
2045494,2000001
2045501,2000001
2045508,2000001
2045517,2000001
2045528,2000001
2045541,2000001
2045548,2000001
2045555,2000001
2045562,2000001
2045571,2000001
2045578,2000001
2045585,2000001
2045594,2000001
2045601,2000001
2045608,2000001
2045617,2000001
2045626,2000001
2045635,2000001
2045648,2000001
2045657,2000001
2045666,2000001
2045673,2000001
2045680,2000001
2045687,2000001
2045696,2000001
2045703,2000001
2045710,2000001
2045723,2000001
2045730,2000001
2045737,2000001
2045746,2000001
2045755,2000001
2045762,2000001
2045769,2000001
2045776,2000001
2045795,2000001
2045804,2000001
2045811,2000001
2045820,2000001
2045831,2000001
2045844,2000001
2045857,2000001
2045870,2000001
2045879,2000001
2045892,2000001
2045905,2000001
2045912,2000001
2045919,2000001
2045928,2000001
2045935,2000001
2045948,2000001
2045955,2000001
2045962,2000001
2045969,2000001
2045980,2000001
2045989,2000001
2045996,2000001
2046005,2000001
2046012,2000001
2046023,2000001
2046032,2000001
2046039,2000001
2046046,2000001
2046053,2000001
2046062,2000001
2046069,2000001
2046090,2000001
2046097,2000001
2046106,2000001
2046117,2000001
2046124,2000001
2046133,2000001
2046140,2000001
2046151,2000001
2046160,2000001
2046169,2000001
2046176,2000001
2046183,2000001
2046194,2000001
2046201,2000001
2046214,2000001
2046227,2000001
2046234,2000001
2046249,2000001
2046282,2000001
2046291,2000001
2046304,2000001
2046311,2000001
2046318,2000001
2046325,2000001
2046362,2000001
2046369,2000001
2046376,2000001
2046397,2000001
2046404,2000001
2046417,2000001
2046434,2000001
2046445,2000001
2046452,2000001
2046459,2000001
2046468,2000001
2046475,2000001
2046482,2000001
2046492,2000001
2046499,2000001
2046508,2000001
2046521,2000001
2046532,2000001
2046545,2000001
2046552,2000001
2046561,2000001
2046570,2000001
2046583,2000001
2046596,2000001
2046605,2000001
2046614,2000001
2046621,2000001
2046632,2000001
2046639,2000001
2046646,2000001
2046657,2000001
2046664,2000001
2046673,2000001
2046680,2000001
2046689,2000001
2046702,2000001
2046723,2000001
2046730,2000001
2046737,2000001
2046756,2000001
2046763,2000001
2046770,2000001
2046779,2000001
2046788,2000001
2046797,2000001
2046806,2000001
2046815,2000001
2046836,2000001
2046843,2000001
2046858,2000001
2046873,2000001
2046884,2000001
2046891,2000001
2046898,2000001
2046907,2000001
2046914,2000001
2046925,2000001
2046934,2000001
2046943,2000001
2046950,2000001
2046957,2000001
2046964,2000001
2046971,2000001
2046978,2000001
2046987,2000001
2046994,2000001
2047001,2000001
2047008,2000001
2047015,2000001
2047024,2000001
2047031,2000001
2047040,2000001
2047047,2000001
2047054,2000001
2047061,2000001
2047080,2000001
2047087,2000001
2047102,2000001
2047109,2000001
2047124,2000001
2047135,2000001
2047142,2000001
2047153,2000001
2047164,2000001
2047171,2000001
2047186,2000001
2047193,2000001
2047200,2000001
2047207,2000001
2047216,2000001
2047227,2000001
2047240,2000001
2047249,2000001
2047258,2000001
2047269,2000001
2047284,2000001
2047293,2000001
2047312,2000001
2047319,2000001
2047326,2000001
2047333,2000001
2047358,2000001
2047373,2000001
2047388,2000001
2047399,2000001
2047410,2000001
2047417,2000001
2047426,2000001
2047437,2000001
2047444,2000001
2047455,2000001
2047470,2000001
2047483,2000001
2047490,2000001
2047497,2000001
2047516,2000001
2047527,2000001
2047536,2000001
2047547,2000001
2047562,2000001
2047589,2000001
2047596,2000001
2047635,2000001
2047652,2000001
2047663,2000001
2047670,2000001
2047687,2000001
2047694,2000001
2047701,2000001
2047708,2000001
2047717,2000001
2047728,2000001
2047737,2000001
2047744,2000001
2047753,2000001
2047760,2000001
2047769,2000001
2047776,2000001
2047783,2000001
2047804,2000001
2047811,2000001
2047818,2000001
2047827,2000001
2047834,2000001
2047841,2000001
2047850,2000001
2047859,2000001
2047870,2000001
2047879,2000001
2047898,2000001
2047907,2000001
2047916,2000001
2047925,2000001
2047952,2000001
2047969,2000001
2047978,2000001
2047987,2000001
2047994,2000001
2048001,2000001
2048008,2000001
2048015,2000001
2048022,2000001
2048029,2000001
2048038,2000001
2048047,2000001
2048054,2000001
2048065,2000001
2048078,2000001
2048087,2000001
2048094,2000001
2048107,2000001
2048120,2000001
2048127,2000001
2048140,2000001
2048147,2000001
2048156,2000001
2048163,2000001
2048172,2000001
2048179,2000001
2048186,2000001
2048199,2000001
2048212,2000001
2048221,2000001
2048232,2000001
2048239,2000001
2048250,2000001
2048259,2000001
2048268,2000001
2048277,2000001
2048284,2000001
2048295,2000001
2048318,2000001
2048329,2000001
2048336,2000001
2048343,2000001
2048351,2000001
2048366,2000001
2048373,2000001
2048382,2000001
2048391,2000001
2048400,2000001
2048409,2000001
2048416,2000001
2048423,2000001
2048438,2000001
2048453,2000001
2048462,2000001
2048485,2000001
2048492,2000001
2048499,2000001
2048508,2000001
2048523,2000001
2048536,2000001
2048543,2000001
2048550,2000001
2048557,2000001
2048566,2000001
2048575,2000001
2048586,2000001
2048593,2000001
2048604,2000001
2048615,2000001
2048634,2000001
2048645,2000001
2048652,2000001
2048659,2000001
2048666,2000001
2048695,2000001
2048708,2000001
2048715,2000001
2048724,2000001
2048731,2000001
2048740,2000001
2048747,2000001
2048754,2000001
2048763,2000001
2048772,2000001
2048779,2000001
2048788,2000001
2048797,2000001
2048810,2000001
2048817,2000001
2048830,2000001
2048839,2000001
2048846,2000001
2048853,2000001
2048862,2000001
2048873,2000001
2048882,2000001
2048891,2000001
2048902,2000001
2048911,2000001
2048918,2000001
2048925,2000001
2048936,2000001
2048945,2000001
2048960,2000001
2048967,2000001
2048974,2000001
2048981,2000001
2048988,2000001
2048997,2000001
2049014,2000001
2049021,2000001
2049028,2000001
2049035,2000001
2049042,2000001
2049053,2000001
2049062,2000001
2049069,2000001
2049090,2000001
2049099,2000001
2049106,2000001
2049117,2000001
2049124,2000001
2049137,2000001
2049144,2000001
2049155,2000001
2049162,2000001
2049171,2000001
2049178,2000001
2049191,2000001
2049198,2000001
2049207,2000001
2049216,2000001
2049233,2000001
2049242,2000001
2049249,2000001
2049258,2000001
2049265,2000001
2049272,2000001
2049285,2000001
2049292,2000001
2049299,2000001
2049308,2000001
2049317,2000001
2049324,2000001
2049337,2000001
2049344,2000001
2049351,2000001
2049358,2000001
2049367,2000001
2049374,2000001
2049383,2000001
2049392,2000001
2049401,2000001
2049412,2000001
2049419,2000001
2049428,2000001
2049437,2000001
2049444,2000001
2049457,2000001
2049464,2000001
2049471,2000001
2049480,2000001
2049489,2000001
2049496,2000001
2049503,2000001
2049516,2000001
2049525,2000001
2049546,2000001
2049553,2000001
2049560,2000001
2049569,2000001
2049578,2000001
2049585,2000001
2049596,2000001
2049603,2000001
2049614,2000001
2049621,2000001
2049628,2000001
2049641,2000001
2049648,2000001
2049655,2000001
2049662,2000001
2049675,2000001
2049696,2000001
2049705,2000001
2049714,2000001
2049741,2000001
2049752,2000001
2049759,2000001
2049768,2000001
2049775,2000001
2049782,2000001
2049793,2000001
2049802,2000001
2049811,2000001
2049818,2000001
2049827,2000001
2049846,2000001
2049859,2000001
2049866,2000001
2049877,2000001
2049884,2000001
2049891,2000001
2049900,2000001
2049907,2000001
2049914,2000001
2049921,2000001
2049944,2000001
2049951,2000001
2049958,2000001
2049967,2000001
2049976,2000001
2049983,2000001
2049992,2000001
2049999,2000001
2050010,2000001
2050029,2000001
2050038,2000001
2050047,2000001
2050054,2000001
2050061,2000001
2050074,2000001
2050081,2000001
2050090,2000001
2050097,2000001
2050103,2000001
2050110,2000001
2050123,2000001
2050132,2000001
2050167,2000001
2050176,2000001
2050185,2000001
2050194,2000001
2050201,2000001
2050210,2000001
2050221,2000001
2050240,2000001
2050247,2000001
2050256,2000001
2050267,2000001
2050280,2000001
2050299,2000001
2050306,2000001
2050315,2000001
2050334,2000001
2050343,2000001
2050352,2000001
2050367,2000001
2050374,2000001
2050383,2000001
2050390,2000001
2050405,2000001
2050426,2000001
2050433,2000001
2050448,2000001
2050455,2000001
2050462,2000001
2050471,2000001
2050486,2000001
2050493,2000001
2050502,2000001
2050509,2000001
2050518,2000001
2050525,2000001
2050540,2000001
2050561,2000001
2050568,2000001
2050577,2000001
2050586,2000001
2050611,2000001
2050618,2000001
2050629,2000001
2050640,2000001
2050649,2000001
2050662,2000001
2050675,2000001
2050682,2000001
2050691,2000001
2050710,2000001
2050717,2000001
2050726,2000001
2050735,2000001
2050744,2000001
2050753,2000001
2050764,2000001
2050773,2000001
2050780,2000001
2050787,2000001
2050800,2000001
2050807,2000001
2050814,2000001
2050823,2000001
2050832,2000001
2050841,2000001
2050860,2000001
2050867,2000001
2050874,2000001
2050895,2000001
2050910,2000001
2050921,2000001
2050938,2000001
2050945,2000001
2050952,2000001
2050959,2000001
2050968,2000001
2050975,2000001
2050998,2000001
2051005,2000001
2051014,2000001
2051023,2000001
2051042,2000001
2051057,2000001
2051068,2000001
2051075,2000001
2051081,2000001
2051088,2000001
2051095,2000001
2051104,2000001
2051111,2000001
2051118,2000001
2051133,2000001
2051140,2000001
2051151,2000001
2051162,2000001
2051171,2000001
2051180,2000001
2051189,2000001
2051196,2000001
2051207,2000001
2051218,2000001
2051225,2000001
2051232,2000001
2051239,2000001
2051246,2000001
2051257,2000001
2051300,2000001
2051307,2000001
2051324,2000001
2051333,2000001
2051340,2000001
2051347,2000001
2051364,2000001
2051373,2000001
2051384,2000001
2051391,2000001
2051400,2000001
2051413,2000001
2051420,2000001
2051437,2000001
2051446,2000001
2051455,2000001
2051462,2000001
2051471,2000001
2051488,2000001
2051507,2000001
2051516,2000001
2051525,2000001
2051534,2000001
2051543,2000001
2051564,2000001
2051571,2000001
2051584,2000001
2051599,2000001
2051608,2000001
2051617,2000001
2051630,2000001
2051637,2000001
2051644,2000001
2051653,2000001
2051672,2000001
2051681,2000001
2051690,2000001
2051699,2000001
2051706,2000001
2051715,2000001
2051722,2000001
2051729,2000001
2051736,2000001
2051743,2000001
2051766,2000001
2051773,2000001
2051794,2000001
2051801,2000001
2051808,2000001
2051817,2000001
2051834,2000001
2051849,2000001
2051860,2000001
2051869,2000001
2051876,2000001
2051883,2000001
2051898,2000001
2051907,2000001
2051914,2000001
2051921,2000001
2051928,2000001
2051935,2000001
2051944,2000001
2051955,2000001
2051962,2000001
2051971,2000001
2051980,2000001
2051991,2000001
2052008,2000001
2052025,2000001
2052036,2000001
2052043,2000001
2052056,2000001
2052073,2000001
2052080,2000001
2052087,2000001
2052104,2000001
2052111,2000001
