ontologyannotation,datasets
1000183,1000002
1000480,1000002
1000591,1000002
1000595,1000002
1000683,1000002
1000787,1000002
1001051,1001024
1001055,1001024
1001058,1001024
1001086,1001024
1001090,1001024
1001102,1001024
1001106,1001024
1001109,1001024
1001144,1001024
1001147,1001024
1001167,1001024
1001171,1001024
1001178,1001024
1001182,1001024
1001185,1001024
1001216,1001024
1001220,1001024
1001222,1001024
1001225,1001024
1001228,1001024
1001231,1001024
1001253,1001024
1001301,1001024
1001305,1001024
1001430,1001024
1001434,1001024
1001444,1001024
1001447,1001024
1001450,1001024
1001453,1001024
1001460,1001024
1001464,1001024
1001481,1001024
1001485,1001024
1001496,1001024
1001499,1001024
1001502,1001024
1001504,1001024
1001506,1001024
1001569,1001024
1001602,1001024
1001606,1001024
1001623,1001024
1001627,1001024
1001629,1001024
1001632,1001024
1001635,1001024
1001638,1001024
1001666,1001024
1001670,1001024
1001672,1001024
1001675,1001024
1001678,1001024
1001718,1001024
1001722,1001024
1001733,1001024
1001740,1001024
1001744,1001024
1001747,1001024
1001750,1001024
1001791,1001024
1001795,1001024
1001798,1001024
1001846,1001024
1001849,1001024
1001852,1001024
1001854,1001024
1001861,1001024
1001865,1001024
1001867,1001024
1001875,1001024
1001879,1001024
1001882,1001024
1001884,1001024
1001887,1001024
1001890,1001024
1001910,1001024
1001914,1001024
1001917,1001024
1001920,1001024
1001983,1001024
1001987,1001024
1001994,1001024
1001997,1001024
1002000,1001024
1002002,1001024
1002005,1001024
1002007,1001024
1002010,1001024
1002022,1001024
1002029,1001024
1002033,1001024
1002035,1001024
1002037,1001024
1002044,1001024
1002048,1001024
1002050,1001024
1002075,1001024
1002078,1001024
1002081,1001024
1002169,1001024
1002177,1001024
1002185,1001024
1002189,1001024
1002192,1001024
1002194,1001024
1002222,1001024
1002226,1001024
1002228,1001024
1002262,1001024
1002265,1001024
1002267,1001024
1002269,1001024
1002285,1001024
1002289,1001024
1002292,1001024
1002295,1001024
1002334,1001024
1002372,1001024
1002376,1001024
1002378,1001024
1002380,1001024
1002387,1001024
1002391,1001024
1002394,1001024
1002396,1001024
1002407,1001024
1002411,1001024
1002414,1001024
1002417,1001024
1002458,1001024
1002461,1001024
1002464,1001024
1002467,1001024
1002470,1001024
1002493,1001024
1002497,1001024
1002500,1001024
1002503,1001024
1002534,1001024
1002537,1001024
1002539,1001024
1002545,1001024
1002600,1001024
1002604,1001024
1002611,1001024
1002615,1001024
1002618,1001024
1002620,1001024
1002659,1001024
1002662,1001024
1002665,1001024
1002686,1001024
1002690,1001024
1002692,1001024
1002786,1001024
1002789,1001024
1002797,1001024
1002801,1001024
1002804,1001024
1002810,1001024
1002873,1001024
1002876,1001024
1002878,1001024
1002943,1001024
1002947,1001024
1002959,1001024
1002963,1001024
1003002,1001024
1003005,1001024
1003008,1001024
1003014,1001024
1003021,1001024
1003025,1001024
1003027,1001024
1003033,1001024
1003036,1001024
1003038,1001024
1003045,1001024
1003076,1001024
1003105,1001024
1003108,1001024
1003147,1001024
1003150,1001024
1003152,1001024
1003215,1001024
1003219,1001024
1003222,1001024
1003225,1001024
1003227,1001024
1003229,1001024
1003265,1001024
1003269,1001024
1003271,1001024
1003274,1001024
1003281,1001024
1003284,1001024
1003286,1001024
1003297,1001024
1003300,1001024
1003307,1001024
1003328,1001024
1003331,1001024
1003340,1001024
1003343,1001024
1003369,1001024
1003372,1001024
1003374,1001024
1003381,1001024
1003384,1001024
1003421,1001024
1003425,1001024
1003427,1001024
1003429,1001024
1003529,1001024
1003533,1001024
1003535,1001024
1003537,1001024
1003539,1001024
1003542,1001024
1003544,1001024
1003556,1001024
1003560,1001024
1003562,1001024
1003565,1001024
1003571,1001024
1003574,1001024
1003576,1001024
1003583,1001024
1003587,1001024
1003590,1001024
1003592,1001024
1003595,1001024
1003601,1001024
1003604,1001024
1003620,1001024
1003623,1001024
1003625,1001024
1003651,1001024
1003654,1001024
1003656,1001024
1003658,1001024
1003689,1001024
1003738,1001024
1003742,1001024
1003780,1001024
1003783,1001024
1003786,1001024
1003839,1001024
1003843,1001024
1003888,1001024
1003891,1001024
1003893,1001024
1003895,1001024
1003975,1001024
1003978,1001024
1003984,1001024
1004079,1001024
1004082,1001024
1004140,1001024
1004143,1001024
1004154,1001024
1004158,1001024
1004160,1001024
1004163,1001024
1004170,1001024
1004191,1001024
1004194,1001024
1004196,1001024
1004198,1001024
1004200,1001024
1004215,1001024
1004219,1001024
1004275,1001024
1004278,1001024
1004289,1001024
1004297,1001024
1004300,1001024
1004302,1001024
1004313,1001024
1004396,1001024
1004400,1001024
1004403,1001024
1004429,1001024
1004502,1001024
1004506,1001024
1004529,1001024
1004533,1001024
1004536,1001024
1004542,1001024
1004545,1001024
1004560,1001024
1004563,1001024
1004592,1001024
1004599,1001024
1004602,1001024
1004604,1001024
1004653,1001024
1004656,1001024
1004658,1001024
1004683,1001024
1004687,1001024
1004710,1001024
1004713,1001024
1004746,1001024
1004753,1001024
1004756,1001024
1004768,1001024
1004772,1001024
1004778,1001024
1004782,1001024
1004785,1001024
1004787,1001024
1004793,1001024
1004796,1001024
1004802,1001024
1004805,1001024
1004807,1001024
1004819,1001024
1004822,1001024
1004824,1001024
1004826,1001024
1004828,1001024
1004853,1001024
1004856,1001024
1004888,1001024
1004891,1001024
1004894,1001024
1004905,1001024
1004922,1001024
1004925,1001024
1005002,1001024
1005005,1001024
1005011,1001024
1005014,1001024
1005020,1001024
1005033,1001024
1005036,1001024
1005043,1001024
1005046,1001024
1005048,1001024
1005080,1001024
1005083,1001024
1005092,1001024
1005095,1001024
1005097,1001024
1005158,1001024
1005161,1001024
1005163,1001024
1005180,1001024
1005183,1001024
1005185,1001024
1005204,1001024
1005207,1001024
1005209,1001024
1005240,1001024
1005267,1001024
1005270,1001024
1005272,1001024
1005278,1001024
1005290,1001024
1005293,1001024
1005336,1001024
1005339,1001024
1005341,1001024
1005384,1001024
1005387,1001024
1005389,1001024
1005392,1001024
1005395,1001024
1005402,1001024
1005406,1001024
1005408,1001024
1005415,1001024
1005419,1001024
1005422,1001024
1005429,1001024
1005432,1001024
1005435,1001024
1005482,1001024
1005485,1001024
1005487,1001024
1005489,1001024
1005491,1001024
1005493,1001024
1005496,1001024
1005503,1001024
1005506,1001024
1005508,1001024
1005510,1001024
1005541,1001024
1005545,1001024
1005547,1001024
1005559,1001024
1005563,1001024
1005566,1001024
1005587,1001024
1005590,1001024
1005592,1001024
1005629,1001024
1005632,1001024
1005639,1001024
1005643,1001024
1005646,1001024
1005648,1001024
1005651,1001024
1005699,1001024
1005702,1001024
1005704,1001024
1005710,1001024
1005713,1001024
1005715,1001024
1005721,1001024
1005725,1001024
1005728,1001024
1005730,1001024
1005732,1001024
1005784,1001024
1005787,1001024
1005789,1001024
1005795,1001024
1005798,1001024
1005841,1001024
1005844,1001024
1005846,1001024
1005852,1001024
1005859,1001024
1005862,1001024
1005864,1001024
1005873,1001024
1005876,1001024
1005878,1001024
1005880,1001024
1005927,1001024
1005931,1001024
1005933,1001024
1005962,1001024
1005980,1001024
1005984,1001024
1005990,1001024
1005994,1001024
1005996,1001024
1005999,1001024
1006001,1001024
1006023,1001024
1006026,1001024
1006029,1001024
1006053,1001024
1006056,1001024
1006090,1001024
1006097,1001024
1006109,1001024
1006112,1001024
1006119,1001024
1006122,1001024
1006124,1001024
1006126,1001024
1006132,1001024
1006139,1001024
1006142,1001024
1006159,1001024
1006180,1001024
1006184,1001024
1006212,1001024
1006216,1001024
1006232,1001024
1006235,1001024
1006237,1001024
1006239,1001024
1006241,1001024
1006247,1001024
1006250,1001024
1006300,1001024
1006351,1001024
1006354,1001024
1006361,1001024
1006364,1001024
1006366,1001024
1006372,1001024
1006375,1001024
1006400,1001024
1006404,1001024
1006407,1001024
1006409,1001024
1006412,1001024
1006447,1001024
1006450,1001024
1006498,1001024
1006502,1001024
1006504,1001024
1006511,1001024
1006514,1001024
1006537,1001024
1006540,1001024
1006542,1001024
1006568,1001024
1006576,1001024
1006598,1001024
1006602,1001024
1006604,1001024
1006636,1001024
1006651,1001024
1006654,1001024
1006656,1001024
1006683,1001024
1006687,1001024
1006689,1001024
1006691,1001024
1006707,1001024
1006710,1001024
1006721,1001024
1006724,1001024
1006726,1001024
1006732,1001024
1006735,1001024
1006737,1001024
1006759,1001024
1006762,1001024
1006790,1001024
1006793,1001024
1006796,1001024
1006798,1001024
1006804,1001024
1006835,1001024
1006838,1001024
1006845,1001024
1006848,1001024
1006850,1001024
1006867,1001024
1006870,1001024
1006876,1001024
1006879,1001024
1006889,1001024
1006893,1001024
1006895,1001024
1006933,1001024
1006936,1001024
1006938,1001024
1006979,1001024
1006996,1001024
1007014,1001024
1007017,1001024
1007019,1001024
1007021,1001024
1007029,1001024
1007033,1001024
1007035,1001024
1007054,1001024
1007062,1001024
1007066,1001024
1007110,1001024
1007119,1001024
1007122,1001024
1007124,1001024
1007141,1001024
1007144,1001024
1007146,1001024
1007152,1001024
1007155,1001024
1007157,1001024
1007190,1001024
1007194,1001024
1007197,1001024
1007216,1001024
1007262,1001024
1007265,1001024
1007267,1001024
1007273,1001024
1007277,1001024
1007283,1001024
1007286,1001024
1007305,1001024
1007341,1001024
1007344,1001024
1007351,1001024
1007355,1001024
1007358,1001024
1007385,1001024
1007389,1001024
1007392,1001024
1007408,1001024
1007416,1001024
1007420,1001024
1007426,1001024
1007429,1001024
1007441,1001024
1007444,1001024
1007469,1001024
1007472,1001024
1007474,1001024
1007476,1001024
1007479,1001024
1007481,1001024
1007487,1001024
1007515,1001024
1007518,1001024
1007520,1001024
1007522,1001024
1007534,1001024
1007543,1001024
1007586,1001024
1007612,1001024
1007616,1001024
1007619,1001024
1007652,1001024
1007655,1001024
1007657,1001024
1007663,1001024
1007666,1001024
1007669,1001024
1007671,1001024
1007692,1001024
1007695,1001024
1007697,1001024
1007699,1001024
1007702,1001024
1007708,1001024
1007711,1001024
1007713,1001024
1007737,1001024
1007740,1001024
1007742,1001024
1007744,1001024
1007750,1001024
1007785,1001024
1007788,1001024
1007790,1001024
1007792,1001024
1007850,1001024
1007854,1001024
1007857,1001024
1007859,1001024
1007861,1001024
1007878,1001024
1007882,1001024
1007885,1001024
1007959,1001024
1007971,1001024
1007974,1001024
1007980,1001024
1007983,1001024
1008025,1001024
1008028,1001024
1008134,1001024
1008141,1001024
1008145,1001024
1008148,1001024
1008150,1001024
1008157,1001024
1008161,1001024
1008163,1001024
1008193,1001024
1008196,1001024
1008199,1001024
1008201,1001024
1008204,1001024
1008206,1001024
1008222,1001024
1008225,1001024
1008236,1001024
1008239,1001024
1008241,1001024
1008243,1001024
1008274,1001024
1008278,1001024
1008290,1001024
1008320,1001024
1008327,1001024
1008330,1001024
1008332,1001024
1008339,1001024
1008342,1001024
1008345,1001024
1008352,1001024
1008356,1001024
1008359,1001024
1008411,1001024
1008414,1001024
1008441,1001024
1008463,1001024
1008466,1001024
1008468,1001024
1008476,1001024
1008479,1001024
1008481,1001024
1008493,1001024
1008497,1001024
1008500,1001024
1008522,1001024
1008525,1001024
1008581,1001024
1008658,1001024
1008661,1001024
1008667,1001024
1008670,1001024
1008686,1001024
1008690,1001024
1008693,1001024
1008704,1001024
1008707,1001024
1008709,1001024
1008748,1001024
1008751,1001024
1008753,1001024
1008785,1001024
1008788,1001024
1008790,1001024
1008793,1001024
1008795,1001024
1008811,1001024
1008815,1001024
1008818,1001024
1008828,1001024
1008832,1001024
1008834,1001024
1008858,1001024
1008861,1001024
1008863,1001024
1008889,1001024
1008892,1001024
1008899,1001024
1008931,1001024
1008939,1001024
1008942,1001024
1008944,1001024
1008987,1001024
1008990,1001024
1008992,1001024
1008994,1001024
1009014,1001024
1009017,1001024
1009064,1001024
1009067,1001024
1009069,1001024
1009101,1001024
1009104,1001024
1009106,1001024
1009108,1001024
1009110,1001024
1009131,1001024
1009134,1001024
1009141,1001024
1009145,1001024
1009148,1001024
1009150,1001024
1009152,1001024
1009155,1001024
1009194,1001024
1009197,1001024
1009199,1001024
1009202,1001024
1009204,1001024
1009206,1001024
1009222,1001024
1009225,1001024
1009231,1001024
1009234,1001024
1009236,1001024
1009238,1001024
1009240,1001024
1009242,1001024
1009244,1001024
1009300,1001024
1009343,1001024
1009346,1001024
1009348,1001024
1009350,1001024
1009356,1001024
1009359,1001024
1009394,1001024
1009430,1001024
1009434,1001024
1009437,1001024
1009440,1001024
1009443,1001024
1009446,1001024
1009473,1001024
1009476,1001024
1009478,1001024
1009494,1001024
1009498,1001024
1009500,1001024
1009502,1001024
1009508,1001024
1009511,1001024
1009513,1001024
1009533,1001024
1009536,1001024
1009538,1001024
1009606,1001024
1009610,1001024
1009617,1001024
1009620,1001024
1009622,1001024
1009628,1001024
1009631,1001024
1009633,1001024
1009639,1001024
1009643,1001024
1009646,1001024
1009659,1001024
1009662,1001024
1009664,1001024
1009666,1001024
1009713,1001024
1009716,1001024
1009718,1001024
1009720,1001024
1009754,1001024
1009758,1001024
1009772,1001024
1009776,1001024
1009779,1001024
1009786,1001024
1009789,1001024
1009791,1001024
1009798,1001024
1009854,1001024
1009857,1001024
1009859,1001024
1009861,1001024
1009902,1001024
1009905,1001024
1009907,1001024
1009913,1001024
1009921,1001024
1009924,1001024
1009926,1001024
1009967,1001024
1010041,1001024
1010044,1001024
1010046,1001024
1010052,1001024
1010099,1001024
1010102,1001024
1010128,1001024
1010146,1001024
1010149,1001024
1010151,1001024
1010153,1001024
1010155,1001024
1010227,1001024
1010230,1001024
1010265,1001024
1010269,1001024
1010272,1001024
1010275,1001024
1010307,1001024
1010311,1001024
1010314,1001024
1010335,1001024
1010339,1001024
1010363,1001024
1010367,1001024
1010411,1001024
1010429,1001024
1010432,1001024
1010506,1001024
1010510,1001024
1010512,1001024
1010514,1001024
1010525,1001024
1010528,1001024
1010535,1001024
1010538,1001024
1010540,1001024
1010542,1001024
1010569,1001024
1010608,1001024
1010626,1001024
1010629,1001024
1010631,1001024
1010633,1001024
1010640,1001024
1010644,1001024
1010646,1001024
1010649,1001024
1010651,1001024
1010657,1001024
1010660,1001024
1010677,1001024
1010680,1001024
1010705,1001024
1010708,1001024
1010710,1001024
1010752,1001024
1010755,1001024
1010766,1001024
1010769,1001024
1010775,1001024
1010779,1001024
1010785,1001024
1010789,1001024
1010792,1001024
1010795,1001024
1010804,1001024
1010807,1001024
1010809,1001024
1010812,1001024
1010844,1001024
1010847,1001024
1010854,1001024
1010857,1001024
1010863,1001024
1010866,1001024
1010868,1001024
1010907,1001024
1010919,1001024
1010927,1001024
1010930,1001024
1010932,1001024
1010939,1001024
1010947,1001024
1011008,1001024
1011011,1001024
1011014,1001024
1011017,1001024
1011049,1001024
1011052,1001024
1011054,1001024
1011060,1001024
1011063,1001024
1011075,1001024
1011078,1001024
1011084,1001024
1011087,1001024
1011093,1001024
1011097,1001024
1011099,1001024
1011101,1001024
1011104,1001024
1011107,1001024
1011109,1001024
1011115,1001024
1011118,1001024
1011134,1001024
1011179,1001024
1011182,1001024
1011188,1001024
1011191,1001024
1011193,1001024
1011195,1001024
1011197,1001024
1011234,1001024
1011237,1001024
1011239,1001024
1011314,1001024
1011317,1001024
1011334,1001024
1011337,1001024
1011339,1001024
1011346,1001024
1011349,1001024
1011352,1001024
1011354,1001024
1011360,1001024
1011364,1001024
1011392,1001024
1011396,1001024
1011399,1001024
1011421,1001024
1011424,1001024
1011426,1001024
1011459,1001024
1011463,1001024
1011466,1001024
1011473,1001024
1011477,1001024
1011480,1001024
1011486,1001024
1011523,1001024
1011527,1001024
1011552,1001024
1011555,1001024
1011557,1001024
1011564,1001024
1011567,1001024
1011569,1001024
1011619,1001024
1011623,1001024
1011643,1001024
1011723,1001024
1011726,1001024
1011732,1001024
1011739,1001024
1011742,1001024
1011771,1001024
1011774,1001024
1011776,1001024
1011778,1001024
1011780,1001024
1011782,1001024
1011831,1001024
1011835,1001024
1011837,1001024
1011839,1001024
1011841,1001024
1011863,1001024
1011866,1001024
1011868,1001024
1011874,1001024
1011877,1001024
1011902,1001024
1011906,1001024
1011909,1001024
1011912,1001024
1011937,1001024
1011941,1001024
1011943,1001024
1011949,1001024
1011953,1001024
1011956,1001024
1011993,1001024
1012010,1001024
1012013,1001024
1012095,1001024
1012099,1001024
1012116,1001024
1012119,1001024
1012125,1001024
1012128,1001024
1012130,1001024
1012132,1001024
1012134,1001024
1012140,1001024
1012148,1001024
1012214,1001024
1012217,1001024
1012220,1001024
1012222,1001024
1012244,1001024
1012248,1001024
1012254,1001024
1012364,1001024
1012367,1001024
1012369,1001024
1012386,1001024
1012389,1001024
1012442,1001024
1012455,1001024
1012459,1001024
1012461,1001024
1012478,1001024
1012524,1001024
1012557,1001024
1012564,1001024
1012610,1001024
1012613,1001024
1012615,1001024
1012650,1001024
1012654,1001024
1012657,1001024
1012683,1001024
1012686,1001024
1012688,1001024
1012732,1001024
1012735,1001024
1012741,1001024
1012793,1001024
1012796,1001024
1012798,1001024
1012847,1001024
1012850,1001024
1012853,1001024
1012884,1001024
1012896,1001024
1012900,1001024
1012902,1001024
1012904,1001024
1012907,1001024
1012920,1001024
1012923,1001024
1012925,1001024
1013017,1001024
1013021,1001024
1013027,1001024
1013030,1001024
1013032,1001024
1013045,1001024
1013048,1001024
1013051,1001024
1013059,1001024
1013063,1001024
1013066,1001024
1013068,1001024
1013080,1001024
1013083,1001024
1013085,1001024
1013158,1001024
1013185,1001024
1013189,1001024
1013225,1001024
1013228,1001024
1013234,1001024
1013237,1001024
1013273,1001024
1013276,1001024
1013282,1001024
1013285,1001024
1013287,1001024
1013289,1001024
1013295,1001024
1013298,1001024
1013310,1001024
1013313,1001024
1013323,1001024
1013344,1001024
1013351,1001024
1013354,1001024
1013378,1001024
1013405,1001024
1013409,1001024
1013411,1001024
1013413,1001024
1013415,1001024
1013422,1001024
1013426,1001024
1013449,1001024
1013452,1001024
1013454,1001024
1013518,1001024
1013521,1001024
1013523,1001024
1013553,1001024
1013566,1001024
1013569,1001024
1013571,1001024
1013573,1001024
1013575,1001024
1013577,1001024
1013580,1001024
1013685,1001024
1013688,1001024
1013690,1001024
1013692,1001024
1013744,1001024
1013747,1001024
1013749,1001024
1013751,1001024
1013757,1001024
1013761,1001024
1013764,1001024
1013776,1001024
1013783,1001024
1013786,1001024
1013788,1001024
1013809,1001024
1013812,1001024
1013884,1001024
1013906,1001024
1013975,1001024
1013979,1001024
1013981,1001024
1013983,1001024
1013986,1001024
1013988,1001024
1013990,1001024
1014007,1001024
1014011,1001024
1014013,1001024
1014015,1001024
1014017,1001024
1014020,1001024
1014026,1001024
1014029,1001024
1014031,1001024
1014034,1001024
1014036,1001024
1014042,1001024
1014045,1001024
1014047,1001024
1014053,1001024
1014057,1001024
1014059,1001024
1014061,1001024
1014121,1001024
1014124,1001024
1014126,1001024
1014132,1001024
1014135,1001024
1014137,1001024
1014147,1001024
1014151,1001024
1014167,1001024
1014170,1001024
1014173,1001024
1014193,1001024
1014196,1001024
1014198,1001024
1014216,1001024
1014220,1001024
1014223,1001024
1014225,1001024
1014266,1001024
1014269,1001024
1014271,1001024
1014277,1001024
1014280,1001024
1014287,1001024
1014290,1001024
1014292,1001024
1014367,1001024
1014370,1001024
1014396,1001024
1014399,1001024
1014401,1001024
1014403,1001024
1014419,1001024
1014422,1001024
1014424,1001024
1014426,1001024
1014474,1001024
1014477,1001024
1014479,1001024
1014493,1001024
1014496,1001024
1014498,1001024
1014500,1001024
1014502,1001024
1014534,1001024
1014538,1001024
1014541,1001024
1014544,1001024
1014550,1001024
1014553,1001024
1014555,1001024
1014561,1001024
1014568,1001024
1014571,1001024
1014573,1001024
1014575,1001024
1014581,1001024
1014584,1001024
1014586,1001024
1014593,1001024
1014666,1001024
1014669,1001024
1014671,1001024
1014716,1001024
1014740,1001024
1014743,1001024
1014745,1001024
1014747,1001024
1014749,1001024
1014788,1001024
1014795,1001024
1014798,1001024
1014804,1001024
1014807,1001024
1014809,1001024
1014815,1001024
1014819,1001024
1014831,1001024
1014874,1001024
1014877,1001024
1014880,1001024
1014882,1001024
1014884,1001024
1014934,1001024
1014937,1001024
1014939,1001024
1014945,1001024
1014957,1001024
1014960,1001024
1014962,1001024
1014968,1001024
1014971,1001024
1014973,1001024
1015063,1001024
1015066,1001024
1015069,1001024
1015071,1001024
1015074,1001024
1015085,1001024
1015088,1001024
1015095,1001024
1015099,1001024
1015110,1001024
1015113,1001024
1015115,1001024
1015117,1001024
1015133,1001024
1015136,1001024
1015138,1001024
1015202,1001024
1015205,1001024
1015207,1001024
1015213,1001024
1015271,1001024
1015274,1001024
1015321,1001024
1015324,1001024
1015326,1001024
1015332,1001024
1015335,1001024
1015375,1001024
1015378,1001024
1015380,1001024
1015382,1001024
1015388,1001024
1015391,1001024
1015393,1001024
1015395,1001024
1015454,1001024
1015457,1001024
1015459,1001024
1015470,1001024
1015473,1001024
1015484,1001024
1015505,1001024
1015508,1001024
1015576,1001024
1015579,1001024
1015581,1001024
1015610,1001024
1015613,1001024
1015616,1001024
1015619,1001024
1015621,1001024
1015642,1001024
1015646,1001024
1015649,1001024
1015652,1001024
1015654,1001024
1015730,1001024
1015734,1001024
1015737,1001024
1015753,1001024
1015756,1001024
1015758,1001024
1015760,1001024
1015781,1001024
1015784,1001024
1015786,1001024
1015789,1001024
1015813,1001024
1015816,1001024
1015819,1001024
1015869,1001024
1015872,1001024
1015883,1001024
1015886,1001024
1015888,1001024
1015895,1001024
1015899,1001024
1015902,1001024
1015908,1001024
1015950,1001024
1015953,1001024
1015955,1001024
1015988,1001024
1015991,1001024
1015993,1001024
1015995,1001024
1016001,1001024
1016004,1001024
1016006,1001024
1016027,1001024
1016119,1001024
1016122,1001024
1016173,1001024
1016176,1001024
1016178,1001024
1016180,1001024
1016198,1001024
1016201,1001024
1016203,1001024
1016234,1001024
1016237,1001024
1016239,1001024
1016246,1001024
1016249,1001024
1016252,1001024
1016254,1001024
1016265,1001024
1016268,1001024
1016270,1001024
1016272,1001024
1016284,1001024
1016287,1001024
1016308,1001024
1016311,1001024
1016340,1001024
1016343,1001024
1016345,1001024
1016347,1001024
1016383,1001024
1016386,1001024
1016388,1001024
1016409,1001024
1016412,1001024
1016419,1001024
1016422,1001024
1016449,1001024
1016535,1001024
1016539,1001024
1016541,1001024
1016543,1001024
1016564,1001024
1016592,1001024
1016599,1001024
1016607,1001024
1016610,1001024
1016643,1001024
1016646,1001024
1016657,1001024
1016664,1001024
1016667,1001024
1016669,1001024
1016695,1001024
1016698,1001024
1016700,1001024
1016726,1001024
1016729,1001024
1016731,1001024
1016766,1001024
1016769,1001024
1016771,1001024
1016782,1001024
1016785,1001024
1016801,1001024
1016804,1001024
1016806,1001024
1016848,1001024
1016851,1001024
1016853,1001024
1016855,1001024
1016857,1001024
1016898,1001024
1016901,1001024
1016919,1001024
1016922,1001024
1016925,1001024
1016927,1001024
1016933,1001024
1016940,1001024
1016943,1001024
1016945,1001024
1016947,1001024
1016949,1001024
1016951,1001024
1016954,1001024
1016975,1001024
1016979,1001024
1016981,1001024
1016983,1001024
1016985,1001024
1016987,1001024
1016990,1001024
1017012,1001024
1017015,1001024
1017017,1001024
1017019,1001024
1017025,1001024
1017028,1001024
1017055,1001024
1017059,1001024
1017061,1001024
1017063,1001024
1017084,1001024
1017106,1001024
1017109,1001024
1017111,1001024
1017150,1001024
1017153,1001024
1017228,1001024
1017231,1001024
1017233,1001024
1017235,1001024
1017237,1001024
1017244,1001024
1017247,1001024
1017249,1001024
1017251,1001024
1017276,1001024
1017279,1001024
1017281,1001024
1017283,1001024
1017289,1001024
1017322,1001024
1017393,1001024
1017396,1001024
1017405,1001024
1017409,1001024
1017411,1001024
1017453,1001024
1017456,1001024
1017459,1001024
1017461,1001024
1017463,1001024
1017474,1001024
1017487,1001024
1017490,1001024
1017493,1001024
1017496,1001024
1017520,1001024
1017524,1001024
1017530,1001024
1017533,1001024
1017560,1001024
1017563,1001024
1017565,1001024
1017567,1001024
1017599,1001024
1017602,1001024
1017604,1001024
1017616,1001024
1017620,1001024
1017622,1001024
1017625,1001024
1017627,1001024
1017633,1001024
1017636,1001024
1017643,1001024
1017666,1001024
1017669,1001024
1017672,1001024
1017696,1001024
1017699,1001024
1017705,1001024
1017708,1001024
1017735,1001024
1017738,1001024
1017740,1001024
1017752,1001024
1017756,1001024
1017767,1001024
1017811,1001024
1017814,1001024
1017816,1001024
1017862,1001024
1017865,1001024
1017867,1001024
1017873,1001024
1017876,1001024
1017878,1001024
1017884,1001024
1017900,1001024
1017903,1001024
1017972,1001024
1017989,1001024
1017997,1001024
1018045,1001024
1018054,1001024
1018057,1001024
1018060,1001024
1018062,1001024
1018064,1001024
1018095,1001024
1018098,1001024
1018109,1001024
1018112,1001024
1018158,1001024
1018161,1001024
1018164,1001024
1018166,1001024
1018169,1001024
1018256,1001024
1018259,1001024
1018261,1001024
1018268,1001024
1018271,1001024
1018273,1001024
1018289,1001024
1018292,1001024
1018294,1001024
1018313,1001024
1018316,1001024
1018318,1001024
1018344,1001024
1018347,1001024
1018369,1001024
1018372,1001024
1018374,1001024
1018380,1001024
1018384,1001024
1018386,1001024
1018388,1001024
1018390,1001024
1018412,1001024
1018432,1001024
1018435,1001024
1018437,1001024
1018439,1001024
1018441,1001024
1018493,1001024
1018497,1001024
1018499,1001024
1018506,1001024
1018509,1001024
1018511,1001024
1018513,1001024
1018565,1001024
1018589,1001024
1018633,1001024
1018636,1001024
1018638,1001024
1018649,1001024
1018652,1001024
1018654,1001024
1018660,1001024
1018663,1001024
1018666,1001024
1018750,1001024
1018754,1001024
1018765,1001024
1018768,1001024
1018784,1001024
1018788,1001024
1018810,1001024
1018814,1001024
1018816,1001024
1018818,1001024
1018832,1001024
1018835,1001024
1018920,1001024
1018923,1001024
1018925,1001024
1018940,1001024
1018943,1001024
1018966,1001024
1019006,1001024
1019009,1001024
1019015,1001024
1019018,1001024
1019020,1001024
1019027,1001024
1019030,1001024
1019032,1001024
1019087,1001024
1019090,1001024
1019126,1001024
1019129,1001024
1019174,1001024
1019177,1001024
1019179,1001024
1019233,1001024
1019236,1001024
1019238,1001024
1019240,1001024
1019248,1001024
1019251,1001024
1019253,1001024
1019270,1001024
1019274,1001024
1019276,1001024
1019282,1001024
1019285,1001024
1019287,1001024
1019295,1001024
1019299,1001024
1019301,1001024
1019303,1001024
1019305,1001024
1019325,1001024
1019328,1001024
1019330,1001024
1019392,1001024
1019414,1001024
1019421,1001024
1019424,1001024
1019430,1001024
1019446,1001024
1019474,1001024
1019477,1001024
1019479,1001024
1019481,1001024
1019492,1001024
1019495,1001024
1019497,1001024
1019540,1001024
1019543,1001024
1019545,1001024
1019547,1001024
1019549,1001024
1019565,1001024
1019568,1001024
1019570,1001024
1019644,1001024
1019647,1001024
1019649,1001024
1019651,1001024
1019657,1001024
1019660,1001024
1019676,1001024
1019679,1001024
1019682,1001024
1019684,1001024
1019686,1001024
1019689,1001024
1019691,1001024
1019693,1001024
1019695,1001024
1019701,1001024
1019705,1001024
1019707,1001024
1019722,1001024
1019749,1001024
1019752,1001024
1019754,1001024
1019769,1001024
1019773,1001024
1019776,1001024
1019778,1001024
1019821,1001024
1019824,1001024
1019826,1001024
1019838,1001024
1019841,1001024
1019843,1001024
1019849,1001024
1019852,1001024
1019854,1001024
1019899,1001024
1019941,1001024
1019944,1001024
1019951,1001024
1019955,1001024
1019958,1001024
1019961,1001024
1019968,1001024
1019976,1001024
1019980,1001024
1020018,1001024
1020021,1001024
1020023,1001024
1020030,1001024
1020033,1001024
1020035,1001024
1020038,1001024
1020040,1001024
1020043,1001024
1020114,1001024
1020117,1001024
1020119,1001024
1020121,1001024
1020203,1001024
1020206,1001024
1020208,1001024
1020210,1001024
1020221,1001024
1020273,1001024
1020276,1001024
1020278,1001024
1020317,1001024
1020320,1001024
1020332,1001024
1020336,1001024
1020338,1001024
1020344,1001024
1020347,1001024
1020349,1001024
1020377,1001024
1020381,1001024
1020384,1001024
1020442,1001024
1020455,1001024
1020459,1001024
1020461,1001024
1020463,1001024
1020465,1001024
1020467,1001024
1020469,1001024
1020483,1001024
1020486,1001024
1020488,1001024
1020494,1001024
1020497,1001024
1020499,1001024
1020550,1001024
1020553,1001024
1020581,1001024
1020584,1001024
1020586,1001024
1020588,1001024
1020599,1001024
1020611,1001024
1020618,1001024
1020626,1001024
1020696,1001024
1020699,1001024
1020702,1001024
1020708,1001024
1020711,1001024
1020713,1001024
1020715,1001024
1020722,1001024
1020725,1001024
1020737,1001024
1020780,1001024
1020787,1001024
1020814,1001024
1020817,1001024
1020828,1001024
1020831,1001024
1020833,1001024
1020844,1001024
1020847,1001024
1020877,1001024
1020880,1001024
1020882,1001024
1020907,1001024
1020911,1001024
1020938,1001024
1020941,1001024
1020943,1001024
1020964,1001024
1020967,1001024
1020974,1001024
1020977,1001024
1020980,1001024
1020983,1001024
1020989,1001024
1021061,1001024
1021064,1001024
1021066,1001024
1021068,1001024
1021070,1001024
1021072,1001024
1021074,1001024
1021100,1001024
1021109,1001024
1021113,1001024
1021116,1001024
1021118,1001024
1021120,1001024
1021131,1001024
1021134,1001024
1021136,1001024
1021204,1001024
1021207,1001024
1021242,1001024
1021245,1001024
1021311,1001024
1021314,1001024
1021316,1001024
1021318,1001024
1021340,1001024
1021343,1001024
1021349,1001024
1021352,1001024
1021354,1001024
1021360,1001024
1021415,1001024
1021418,1001024
1021420,1001024
1021422,1001024
1021428,1001024
1021431,1001024
1021433,1001024
1021436,1001024
1021503,1001024
1021506,1001024
1021508,1001024
1021510,1001024
1021512,1001024
1021518,1001024
1021521,1001024
1021523,1001024
1021525,1001024
1021557,1001024
1021561,1001024
1021563,1001024
1021572,1001024
1021575,1001024
1021577,1001024
1021579,1001024
1021595,1001024
1021598,1001024
1021604,1001024
1021607,1001024
1021675,1001024
1021678,1001024
1021680,1001024
1021691,1001024
1021703,1001024
1021719,1001024
1021722,1001024
1021724,1001024
1021726,1001024
1021728,1001024
1021755,1001024
1021758,1001024
1021810,1001024
1021813,1001024
1021815,1001024
1021817,1001024
1021823,1001024
1021826,1001024
1021828,1001024
1021872,1001024
1021914,1001024
1021917,1001024
1021919,1001024
1021925,1001024
1021928,1001024
1021934,1001024
1021938,1001024
1021964,1001024
1021967,1001024
1021969,1001024
1021971,1001024
1021973,1001024
1021999,1001024
1022041,1001024
1022044,1001024
1022158,1001024
1022162,1001024
1022170,1001024
1022173,1001024
1022223,1001024
1022226,1001024
1022228,1001024
1022230,1001024
1022232,1001024
1022268,1001024
1022271,1001024
1022292,1001024
1022295,1001024
1022297,1001024
1022299,1001024
1022305,1001024
1022308,1001024
1022347,1001024
1022350,1001024
1022382,1001024
1022385,1001024
1022387,1001024
1022414,1001024
1022417,1001024
1022419,1001024
1022448,1001024
1022451,1001024
1022453,1001024
1022521,1001024
1022524,1001024
1022526,1001024
1022532,1001024
1022535,1001024
1022574,1001024
1022577,1001024
1022579,1001024
1022628,1001024
1022631,1001024
1022633,1001024
1022635,1001024
1022637,1001024
1022650,1001024
1022653,1001024
1022655,1001024
1022671,1001024
1022675,1001024
1022677,1001024
1022679,1001024
1022721,1001024
1022724,1001024
1022727,1001024
1022730,1001024
1022757,1001024
1022760,1001024
1022762,1001024
1022764,1001024
1022782,1001024
1022785,1001024
1022787,1001024
1022789,1001024
1022815,1001024
1022818,1001024
1022821,1001024
1022865,1001024
1022868,1001024
1022870,1001024
1022878,1001024
1022881,1001024
1022883,1001024
1022885,1001024
1022985,1001024
1022988,1001024
1022990,1001024
1022992,1001024
1023018,1001024
1023021,1001024
1023027,1001024
1023030,1001024
1023032,1001024
1023034,1001024
1023045,1001024
1023048,1001024
1023050,1001024
1023056,1001024
1023059,1001024
1023061,1001024
1023063,1001024
1023069,1001024
1023072,1001024
1023094,1001024
1023098,1001024
1023101,1001024
1023104,1001024
1023106,1001024
1023134,1001024
1023137,1001024
1023139,1001024
1023166,1001024
1023188,1001024
1023191,1001024
1023202,1001024
1023219,1001024
1023223,1001024
1023248,1001024
1023251,1001024
1023257,1001024
1023260,1001024
1023262,1001024
1023313,1001024
1023316,1001024
1023318,1001024
1023324,1001024
1023327,1001024
1023329,1001024
1023331,1001024
1023361,1001024
1023364,1001024
1023370,1001024
1023374,1001024
1023402,1001024
1023405,1001024
1023407,1001024
1023413,1001024
1023416,1001024
1023418,1001024
1023420,1001024
1023422,1001024
1023424,1001024
1023440,1001024
1023444,1001024
1023447,1001024
1023449,1001024
1023455,1001024
1023458,1001024
1023460,1001024
1023507,1001024
1023511,1001024
1023517,1001024
1023520,1001024
1023522,1001024
1023577,1001024
1023580,1001024
1023582,1001024
1023584,1001024
1023692,1001024
1023695,1001024
1023708,1001024
1023711,1001024
1023713,1001024
1023729,1001024
1023733,1001024
1023735,1001024
1023780,1001024
1023783,1001024
1023785,1001024
1023787,1001024
1023818,1001024
1023822,1001024
1023824,1001024
1023827,1001024
1023869,1001024
1023872,1001024
1023875,1001024
1023878,1001024
1023907,1001024
1023910,1001024
1023932,1001024
1023935,1001024
1023938,1001024
1023940,1001024
1023942,1001024
1023944,1001024
1023950,1001024
1023953,1001024
1023955,1001024
1024000,1001024
1024070,1001024
1024073,1001024
1024076,1001024
1024078,1001024
1024092,1001024
1024096,1001024
1024099,1001024
1024101,1001024
1024130,1001024
1024133,1001024
1024161,1001024
1024164,1001024
1024166,1001024
1024200,1001024
1024203,1001024
1024205,1001024
1024207,1001024
1024214,1001024
1024217,1001024
1024219,1001024
1024247,1001024
1024250,1001024
1024261,1001024
1024264,1001024
1024266,1001024
1024268,1001024
1024270,1001024
1024292,1001024
1024295,1001024
1024297,1001024
1024299,1001024
1024301,1001024
1024340,1001024
1024343,1001024
1024345,1001024
1024372,1001024
1024375,1001024
1024377,1001024
1024379,1001024
1024385,1001024
1024388,1001024
1024390,1001024
1024422,1001024
1024425,1001024
1024427,1001024
1024429,1001024
1024431,1001024
1024573,1001024
1024576,1001024
1024582,1001024
1024585,1001024
1024587,1001024
1024589,1001024
1024610,1001024
1024613,1001024
1024699,1001024
1024706,1001024
1024709,1001024
1024715,1001024
1024718,1001024
1024720,1001024
1024722,1001024
1024772,1001024
1024775,1001024
1024777,1001024
1024814,1001024
1024817,1001024
1024819,1001024
1024821,1001024
1024823,1001024
1024829,1001024
1024832,1001024
1024834,1001024
1024836,1001024
1024849,1001024
1024852,1001024
1024854,1001024
1024865,1001024
1024868,1001024
1024870,1001024
1024912,1001024
1024915,1001024
1024917,1001024
1024919,1001024
1024958,1001024
1024961,1001024
1025012,1001024
1025015,1001024
1025064,1001024
1025078,1001024
1025081,1001024
1025083,1001024
1025085,1001024
1025091,1001024
1025094,1001024
1025100,1001024
1025104,1001024
1025106,1001024
1025108,1001024
1025114,1001024
1025117,1001024
1025125,1001024
1025128,1001024
1025158,1001024
1025161,1001024
1025163,1001024
1025185,1001024
1025188,1001024
1025194,1001024
1025197,1001024
1025199,1001024
1025201,1001024
1025232,1001024
1025235,1001024
1025261,1001024
1025264,1001024
1025270,1001024
1025273,1001024
1025275,1001024
1025277,1001024
1025280,1001024
1025295,1001024
1025298,1001024
1025305,1001024
1025308,1001024
1025310,1001024
1025317,1001024
1025320,1001024
1025322,1001024
1025351,1001024
1025358,1001024
1025397,1001024
1025400,1001024
1025402,1001024
1025413,1001024
1025416,1001024
1025418,1001024
1025420,1001024
1025422,1001024
1025424,1001024
1025426,1001024
1025463,1001024
1025487,1001024
1025490,1001024
1025492,1001024
1025498,1001024
1025501,1001024
1025560,1001024
1025563,1001024
1025565,1001024
1025613,1001024
1025617,1001024
1025619,1001024
1025621,1001024
1025629,1001024
1025632,1001024
1025679,1001024
1025686,1001024
1025689,1001024
1025697,1001024
1025700,1001024
1025737,1001024
1025740,1001024
1025800,1001024
1025803,1001024
1025805,1001024
1025807,1001024
1025834,1001024
1025852,1001024
1025855,1001024
1025857,1001024
1025886,1001024
1025895,1001024
1025898,1001024
1025900,1001024
1025902,1001024
1025904,1001024
1025906,1001024
1025913,1001024
1025916,1001024
1025918,1001024
1025925,1001024
1025928,1001024
1025961,1001024
1025964,1001024
1025971,1001024
1025975,1001024
1025977,1001024
1025979,1001024
1025991,1001024
1026019,1001024
1026023,1001024
1026077,1001024
1026080,1001024
1026082,1001024
1026099,1001024
1026195,1001024
1026207,1001024
1026224,1001024
1026227,1001024
1026242,1001024
1026249,1001024
1026281,1001024
1026284,1001024
1026315,1001024
1026318,1001024
1026339,1001024
1026342,1001024
1026344,1001024
1026351,1001024
1026354,1001024
1026356,1001024
1026358,1001024
1026360,1001024
1026403,1001024
1026406,1001024
1026408,1001024
1026454,1001024
1026457,1001024
1026459,1001024
1026470,1001024
1026474,1001024
1026477,1001024
1026511,1001024
1026535,1001024
1026615,1001024
1026618,1001024
1026652,1001024
1026656,1001024
1026662,1001024
1026695,1001024
1026698,1001024
1026700,1001024
1026702,1001024
1026714,1001024
1026717,1001024
1026764,1001024
1026768,1001024
1026770,1001024
1026772,1001024
1026774,1001024
1026776,1001024
1026778,1001024
1026801,1001024
1026804,1001024
1026806,1001024
1026808,1001024
1026810,1001024
1026812,1001024
1026819,1001024
1026822,1001024
1026824,1001024
1026826,1001024
1026828,1001024
1026830,1001024
1026877,1001024
1026880,1001024
1026882,1001024
1026884,1001024
1026891,1001024
1026895,1001024
1026897,1001024
1026899,1001024
1026902,1001024
1026904,1001024
1026907,1001024
1026928,1001024
1026931,1001024
1026934,1001024
1027006,1001024
1027009,1001024
1027012,1001024
1027014,1001024
1027020,1001024
1027028,1001024
1027031,1001024
1027033,1001024
1027035,1001024
1027037,1001024
1027044,1001024
1027047,1001024
1027055,1001024
1027058,1001024
1027060,1001024
1027066,1001024
1027069,1001024
1027071,1001024
1027127,1001024
1027130,1001024
1027133,1001024
1027135,1001024
1027146,1001024
1027149,1001024
1027178,1001024
1027181,1001024
1027183,1001024
1027185,1001024
1027201,1001024
1027204,1001024
1027251,1001024
1027254,1001024
1027256,1001024
1027258,1001024
1027295,1001024
1027305,1001024
1027309,1001024
1027312,1001024
1027319,1001024
1027322,1001024
1027333,1001024
1027336,1001024
1027338,1001024
1027344,1001024
1027348,1001024
1027350,1001024
1027392,1001024
1027400,1001024
1027404,1001024
1027407,1001024
1027409,1001024
1027470,1001024
1027473,1001024
1027475,1001024
1027481,1001024
1027493,1001024
1027496,1001024
1027498,1001024
1027533,1001024
1027536,1001024
1027573,1001024
1027590,1001024
1027593,1001024
1027621,1001024
1027624,1001024
1027626,1001024
1027654,1001024
1027685,1001024
1027688,1001024
1027690,1001024
1027697,1001024
1027700,1001024
1027703,1001024
1027729,1001024
1027732,1001024
1027734,1001024
1027736,1001024
1027738,1001024
1027751,1001024
1027754,1001024
1027756,1001024
1027758,1001024
1027765,1001024
1027768,1001024
1027770,1001024
1027802,1001024
1027805,1001024
1027812,1001024
1027816,1001024
1027845,1001024
1027853,1001024
1027856,1001024
1027878,1001024
1027881,1001024
1027887,1001024
1027890,1001024
1027923,1001024
1027926,1001024
1027928,1001024
1027930,1001024
1027939,1001024
1027942,1001024
1027994,1001024
1027997,1001024
1027999,1001024
1028001,1001024
1028018,1001024
1028047,1001024
1028050,1001024
1028092,1001024
1028095,1001024
1028097,1001024
1028110,1001024
1028113,1001024
1028115,1001024
1028117,1001024
1028149,1001024
1028153,1001024
1028155,1001024
1028161,1001024
1028164,1001024
1028229,1001024
1028232,1001024
1028248,1001024
1028296,1001024
1028299,1001024
1028325,1001024
1028328,1001024
1028330,1001024
1028336,1001024
1028343,1001024
1028346,1001024
1028348,1001024
1028350,1001024
1028366,1001024
1028369,1001024
1028376,1001024
1028414,1001024
1028417,1001024
1028419,1001024
1028425,1001024
1028428,1001024
1028478,1001024
1028481,1001024
1028483,1001024
1028489,1001024
1028492,1001024
1028498,1001024
1028537,1001024
1028540,1001024
1028542,1001024
1028584,1001024
1028587,1001024
1028589,1001024
1028610,1001024
1028613,1001024
1028615,1001024
1028617,1001024
1028689,1001024
1028692,1001024
1028694,1001024
1028720,1001024
1028723,1001024
1028729,1001024
1028732,1001024
1028754,1001024
1028758,1001024
1028760,1001024
1028762,1001024
1028778,1001024
1028781,1001024
1028783,1001024
1028785,1001024
1028792,1001024
1028796,1001024
1028799,1001024
1028801,1001024
1028807,1001024
1028810,1001024
1028812,1001024
1028842,1001024
1028901,1001024
1028904,1001024
1028906,1001024
1028938,1001024
1028941,1001024
1028943,1001024
1028954,1001024
1028957,1001024
1028959,1001024
1028965,1001024
1028968,1001024
1028975,1001024
1028978,1001024
1028980,1001024
1028986,1001024
1028990,1001024
1029009,1001024
1029013,1001024
1029015,1001024
1029017,1001024
1029020,1001024
1029022,1001024
1029034,1001024
1029038,1001024
1029040,1001024
1029042,1001024
1029045,1001024
1029047,1001024
1029049,1001024
1029051,1001024
1029074,1001024
1029077,1001024
1029079,1001024
1029085,1001024
1029088,1001024
1029121,1001024
1029124,1001024
1029126,1001024
1029128,1001024
1029130,1001024
1029147,1001024
1029150,1001024
1029152,1001024
1029158,1001024
1029161,1001024
1029164,1001024
1029166,1001024
1029172,1001024
1029176,1001024
1029235,1001024
1029257,1001024
1029260,1001024
1029280,1001024
1029283,1001024
1029285,1001024
1029287,1001024
1029314,1001024
1029317,1001024
1029349,1001024
1029352,1001024
1029354,1001024
1029360,1001024
1029364,1001024
1029367,1001024
1029378,1001024
1029381,1001024
1029383,1001024
1029399,1001024
1029402,1001024
1029404,1001024
1029406,1001024
1029425,1001024
1029429,1001024
1029431,1001024
1029434,1001024
1029470,1001024
1029473,1001024
1029475,1001024
1029486,1001024
1029489,1001024
1029491,1001024
1029514,1001024
1029517,1001024
1029538,1001024
1029545,1001024
1029548,1001024
1029581,1001024
1029584,1001024
1029587,1001024
1029589,1001024
1029628,1001024
1029631,1001024
1029633,1001024
1029635,1001024
1029637,1001024
1029639,1001024
1029652,1001024
1029655,1001024
1029657,1001024
1029659,1001024
1029665,1001024
1029672,1001024
1029760,1001024
1029763,1001024
1029765,1001024
1029772,1001024
1029775,1001024
1029777,1001024
1029788,1001024
1029791,1001024
1029807,1001024
1029811,1001024
1029813,1001024
1029815,1001024
1029821,1001024
1029824,1001024
1029844,1001024
1029847,1001024
1029849,1001024
1029851,1001024
1029894,1001024
1029907,1001024
1029910,1001024
1029912,1001024
1029918,1001024
1029921,1001024
1029923,1001024
1029934,1001024
1029937,1001024
1029939,1001024
1029979,1001024
1029982,1001024
1029984,1001024
1030033,1001024
1030036,1001024
1030084,1001024
1030087,1001024
1030093,1001024
1030117,1001024
1030121,1001024
1030127,1001024
1030135,1001024
1030138,1001024
1030140,1001024
1030253,1001024
1030265,1001024
1030268,1001024
1030270,1001024
1030294,1001024
1030297,1001024
1030300,1001024
1030302,1001024
1030304,1001024
1030376,1001024
1030379,1001024
1030395,1001024
1030457,1001024
1030460,1001024
1030462,1001024
1030468,1001024
1030471,1001024
1030513,1001024
1030517,1001024
1030573,1001024
1030591,1001024
1030594,1001024
1030605,1001024
1030608,1001024
1030614,1001024
1030617,1001024
1030619,1001024
1030655,1001024
1030708,1001024
1030711,1001024
1030713,1001024
1030719,1001024
1030722,1001024
1030729,1001024
1030732,1001024
1030734,1001024
1030781,1001024
1030784,1001024
1030786,1001024
1030788,1001024
1030799,1001024
1030802,1001024
1030804,1001024
1030861,1001024
1030864,1001024
1030870,1001024
1030899,1001024
1030902,1001024
1030904,1001024
1030906,1001024
1030908,1001024
1030965,1001024
1030968,1001024
1030970,1001024
1030985,1001024
1030988,1001024
1031012,1001024
1031015,1001024
1031047,1001024
1031050,1001024
1031056,1001024
1031060,1001024
1031081,1001024
1031084,1001024
1031086,1001024
1031123,1001024
1031150,1001024
1031162,1001024
1031165,1001024
1031171,1001024
1031174,1001024
1031176,1001024
1031184,1001024
1031188,1001024
1031191,1001024
1031193,1001024
1031199,1001024
1031202,1001024
1031204,1001024
1031210,1001024
1031213,1001024
1031255,1001024
1031290,1001024
1031293,1001024
1031300,1001024
1031303,1001024
1031324,1001024
1031327,1001024
1031370,1001024
1031373,1001024
1031375,1001024
1031377,1001024
1031379,1001024
1031424,1001024
1031427,1001024
1031429,1001024
1031445,1001024
1031448,1001024
1031450,1001024
1031474,1001024
1031477,1001024
1031479,1001024
1031481,1001024
1031522,1001024
1031525,1001024
1031527,1001024
1031529,1001024
1031535,1001024
1031583,1001024
1031586,1001024
1031588,1001024
1031590,1001024
1031601,1001024
1031604,1001024
1031606,1001024
1031623,1001024
1031627,1001024
1031650,1001024
1031677,1001024
1031684,1001024
1031687,1001024
1031689,1001024
1031705,1001024
1031712,1001024
1031715,1001024
1031721,1001024
1031737,1001024
1031770,1001024
1031815,1001024
1031818,1001024
1031820,1001024
1031822,1001024
1031824,1001024
1031836,1001024
1031839,1001024
1031841,1001024
1031843,1001024
1031845,1001024
1031851,1001024
1031854,1001024
