goannotation,evidence
1000183,1000182
1000480,1000479
1000591,1000590
1000595,1000594
1000683,1000682
1000787,1000786
1001051,1001050
1001055,1001054
1001058,1001057
1001086,1001085
1001090,1001089
1001102,1001101
1001106,1001105
1001109,1001108
1001144,1001143
1001147,1001146
1001167,1001166
1001171,1001170
1001178,1001177
1001182,1001181
1001185,1001184
1001216,1001215
1001220,1001219
1001222,1001221
1001225,1001224
1001228,1001227
1001231,1001230
1001253,1001252
1001301,1001300
1001305,1001304
1001430,1001429
1001434,1001433
1001444,1001443
1001447,1001446
1001450,1001449
1001453,1001452
1001460,1001459
1001464,1001463
1001481,1001480
1001485,1001484
1001496,1001495
1001499,1001498
1001502,1001501
1001504,1001503
1001506,1001505
1001569,1001568
1001602,1001601
1001606,1001605
1001623,1001622
1001627,1001626
1001629,1001628
1001632,1001631
1001635,1001634
1001638,1001637
1001666,1001665
1001670,1001669
1001672,1001671
1001675,1001674
1001678,1001677
1001718,1001717
1001722,1001721
1001733,1001732
1001740,1001739
1001744,1001743
1001747,1001746
1001750,1001749
1001791,1001790
1001795,1001794
1001798,1001797
1001846,1001845
1001849,1001848
1001852,1001851
1001854,1001853
1001861,1001860
1001865,1001864
1001867,1001866
1001875,1001874
1001879,1001878
1001882,1001881
1001884,1001883
1001887,1001886
1001890,1001889
1001910,1001909
1001914,1001913
1001917,1001916
1001920,1001919
1001983,1001982
1001987,1001986
1001994,1001993
1001997,1001996
1002000,1001999
1002002,1002001
1002005,1002004
1002007,1002006
1002010,1002009
1002022,1002021
1002029,1002028
1002033,1002032
1002035,1002034
1002037,1002036
1002044,1002043
1002048,1002047
1002050,1002049
1002075,1002074
1002078,1002077
1002081,1002080
1002169,1002168
1002177,1002176
1002185,1002184
1002189,1002188
1002192,1002191
1002194,1002193
1002222,1002221
1002226,1002225
1002228,1002227
1002262,1002261
1002265,1002264
1002267,1002266
1002269,1002268
1002285,1002284
1002289,1002288
1002292,1002291
1002295,1002294
1002334,1002333
1002372,1002371
1002376,1002375
1002378,1002377
1002380,1002379
1002387,1002386
1002391,1002390
1002394,1002393
1002396,1002395
1002407,1002406
1002411,1002410
1002414,1002413
1002417,1002416
1002458,1002457
1002461,1002460
1002464,1002463
1002467,1002466
1002470,1002469
1002493,1002492
1002497,1002496
1002500,1002499
1002503,1002502
1002534,1002533
1002537,1002536
1002539,1002538
1002545,1002544
1002600,1002599
1002604,1002603
1002611,1002610
1002615,1002614
1002618,1002617
1002620,1002619
1002659,1002658
1002662,1002661
1002665,1002664
1002686,1002685
1002690,1002689
1002692,1002691
1002786,1002785
1002789,1002788
1002797,1002796
1002801,1002800
1002804,1002803
1002810,1002809
1002873,1002872
1002876,1002875
1002878,1002877
1002943,1002942
1002947,1002946
1002959,1002958
1002963,1002962
1003002,1003001
1003005,1003004
1003008,1003007
1003014,1003013
1003021,1003020
1003025,1003024
1003027,1003026
1003033,1003032
1003036,1003035
1003038,1003037
1003045,1003044
1003076,1003075
1003105,1003104
1003108,1003107
1003147,1003146
1003150,1003149
1003152,1003151
1003215,1003214
1003219,1003218
1003222,1003221
1003225,1003224
1003227,1003226
1003229,1003228
1003265,1003264
1003269,1003268
1003271,1003270
1003274,1003273
1003281,1003280
1003284,1003283
1003286,1003285
1003297,1003296
1003300,1003299
1003307,1003306
1003328,1003327
1003331,1003330
1003340,1003339
1003343,1003342
1003369,1003368
1003372,1003371
1003374,1003373
1003381,1003380
1003384,1003383
1003421,1003420
1003425,1003424
1003427,1003426
1003429,1003428
1003529,1003528
1003533,1003532
1003535,1003534
1003537,1003536
1003539,1003538
1003542,1003541
1003544,1003543
1003556,1003555
1003560,1003559
1003562,1003561
1003565,1003564
1003571,1003570
1003574,1003573
1003576,1003575
1003583,1003582
1003587,1003586
1003590,1003589
1003592,1003591
1003595,1003594
1003601,1003600
1003604,1003603
1003620,1003619
1003623,1003622
1003625,1003624
1003651,1003650
1003654,1003653
1003656,1003655
1003658,1003657
1003689,1003688
1003738,1003737
1003742,1003741
1003780,1003779
1003783,1003782
1003786,1003785
1003839,1003838
1003843,1003842
1003888,1003887
1003891,1003890
1003893,1003892
1003895,1003894
1003975,1003974
1003978,1003977
1003984,1003983
1004079,1004078
1004082,1004081
1004140,1004139
1004143,1004142
1004154,1004153
1004158,1004157
1004160,1004159
1004163,1004162
1004170,1004169
1004191,1004190
1004194,1004193
1004196,1004195
1004198,1004197
1004200,1004199
1004215,1004214
1004219,1004218
1004275,1004274
1004278,1004277
1004289,1004288
1004297,1004296
1004300,1004299
1004302,1004301
1004313,1004312
1004396,1004395
1004400,1004399
1004403,1004402
1004429,1004428
1004502,1004501
1004506,1004505
1004529,1004528
1004533,1004532
1004536,1004535
1004542,1004541
1004545,1004544
1004560,1004559
1004563,1004562
1004592,1004591
1004599,1004598
1004602,1004601
1004604,1004603
1004653,1004652
1004656,1004655
1004658,1004657
1004683,1004682
1004687,1004686
1004710,1004709
1004713,1004712
1004746,1004745
1004753,1004752
1004756,1004755
1004768,1004767
1004772,1004771
1004778,1004777
1004782,1004781
1004785,1004784
1004787,1004786
1004793,1004792
1004796,1004795
1004802,1004801
1004805,1004804
1004807,1004806
1004819,1004818
1004822,1004821
1004824,1004823
1004826,1004825
1004828,1004827
1004853,1004852
1004856,1004855
1004888,1004887
1004891,1004890
1004894,1004893
1004905,1004904
1004922,1004921
1004925,1004924
1005002,1005001
1005005,1005004
1005011,1005010
1005014,1005013
1005020,1005019
1005033,1005032
1005036,1005035
1005043,1005042
1005046,1005045
1005048,1005047
1005080,1005079
1005083,1005082
1005092,1005091
1005095,1005094
1005097,1005096
1005158,1005157
1005161,1005160
1005163,1005162
1005180,1005179
1005183,1005182
1005185,1005184
1005204,1005203
1005207,1005206
1005209,1005208
1005240,1005239
1005267,1005266
1005270,1005269
1005272,1005271
1005278,1005277
1005290,1005289
1005293,1005292
1005336,1005335
1005339,1005338
1005341,1005340
1005384,1005383
1005387,1005386
1005389,1005388
1005392,1005391
1005395,1005394
1005402,1005401
1005406,1005405
1005408,1005407
1005415,1005414
1005419,1005418
1005422,1005421
1005429,1005428
1005432,1005431
1005435,1005434
1005482,1005481
1005485,1005484
1005487,1005486
1005489,1005488
1005491,1005490
1005493,1005492
1005496,1005495
1005503,1005502
1005506,1005505
1005508,1005507
1005510,1005509
1005541,1005540
1005545,1005544
1005547,1005546
1005559,1005558
1005563,1005562
1005566,1005565
1005587,1005586
1005590,1005589
1005592,1005591
1005629,1005628
1005632,1005631
1005639,1005638
1005643,1005642
1005646,1005645
1005648,1005647
1005651,1005650
1005699,1005698
1005702,1005701
1005704,1005703
1005710,1005709
1005713,1005712
1005715,1005714
1005721,1005720
1005725,1005724
1005728,1005727
1005730,1005729
1005732,1005731
1005784,1005783
1005787,1005786
1005789,1005788
1005795,1005794
1005798,1005797
1005841,1005840
1005844,1005843
1005846,1005845
1005852,1005851
1005859,1005858
1005862,1005861
1005864,1005863
1005873,1005872
1005876,1005875
1005878,1005877
1005880,1005879
1005927,1005926
1005931,1005930
1005933,1005932
1005962,1005961
1005980,1005979
1005984,1005983
1005990,1005989
1005994,1005993
1005996,1005995
1005999,1005998
1006001,1006000
1006023,1006022
1006026,1006025
1006029,1006028
1006053,1006052
1006056,1006055
1006090,1006089
1006097,1006096
1006109,1006108
1006112,1006111
1006119,1006118
1006122,1006121
1006124,1006123
1006126,1006125
1006132,1006131
1006139,1006138
1006142,1006141
1006159,1006158
1006180,1006179
1006184,1006183
1006212,1006211
1006216,1006215
1006232,1006231
1006235,1006234
1006237,1006236
1006239,1006238
1006241,1006240
1006247,1006246
1006250,1006249
1006300,1006299
1006351,1006350
1006354,1006353
1006361,1006360
1006364,1006363
1006366,1006365
1006372,1006371
1006375,1006374
1006400,1006399
1006404,1006403
1006407,1006406
1006409,1006408
1006412,1006411
1006447,1006446
1006450,1006449
1006498,1006497
1006502,1006501
1006504,1006503
1006511,1006510
1006514,1006513
1006537,1006536
1006540,1006539
1006542,1006541
1006568,1006567
1006576,1006575
1006598,1006597
1006602,1006601
1006604,1006603
1006636,1006635
1006651,1006650
1006654,1006653
1006656,1006655
1006683,1006682
1006687,1006686
1006689,1006688
1006691,1006690
1006707,1006706
1006710,1006709
1006721,1006720
1006724,1006723
1006726,1006725
1006732,1006731
1006735,1006734
1006737,1006736
1006759,1006758
1006762,1006761
1006790,1006789
1006793,1006792
1006796,1006795
1006798,1006797
1006804,1006803
1006835,1006834
1006838,1006837
1006845,1006844
1006848,1006847
1006850,1006849
1006867,1006866
1006870,1006869
1006876,1006875
1006879,1006878
1006889,1006888
1006893,1006892
1006895,1006894
1006933,1006932
1006936,1006935
1006938,1006937
1006979,1006978
1006996,1006995
1007014,1007013
1007017,1007016
1007019,1007018
1007021,1007020
1007029,1007028
1007033,1007032
1007035,1007034
1007054,1007053
1007062,1007061
1007066,1007065
1007110,1007109
1007119,1007118
1007122,1007121
1007124,1007123
1007141,1007140
1007144,1007143
1007146,1007145
1007152,1007151
1007155,1007154
1007157,1007156
1007190,1007189
1007194,1007193
1007197,1007196
1007216,1007215
1007262,1007261
1007265,1007264
1007267,1007266
1007273,1007272
1007277,1007276
1007283,1007282
1007286,1007285
1007305,1007304
1007341,1007340
1007344,1007343
1007351,1007350
1007355,1007354
1007358,1007357
1007385,1007384
1007389,1007388
1007392,1007391
1007408,1007407
1007416,1007415
1007420,1007419
1007426,1007425
1007429,1007428
1007441,1007440
1007444,1007443
1007469,1007468
1007472,1007471
1007474,1007473
1007476,1007475
1007479,1007478
1007481,1007480
1007487,1007486
1007515,1007514
1007518,1007517
1007520,1007519
1007522,1007521
1007534,1007533
1007543,1007542
1007586,1007585
1007612,1007611
1007616,1007615
1007619,1007618
1007652,1007651
1007655,1007654
1007657,1007656
1007663,1007662
1007666,1007665
1007669,1007668
1007671,1007670
1007692,1007691
1007695,1007694
1007697,1007696
1007699,1007698
1007702,1007701
1007708,1007707
1007711,1007710
1007713,1007712
1007737,1007736
1007740,1007739
1007742,1007741
1007744,1007743
1007750,1007749
1007785,1007784
1007788,1007787
1007790,1007789
1007792,1007791
1007850,1007849
1007854,1007853
1007857,1007856
1007859,1007858
1007861,1007860
1007878,1007877
1007882,1007881
1007885,1007884
1007959,1007958
1007971,1007970
1007974,1007973
1007980,1007979
1007983,1007982
1008025,1008024
1008028,1008027
1008134,1008133
1008141,1008140
1008145,1008144
1008148,1008147
1008150,1008149
1008157,1008156
1008161,1008160
1008163,1008162
1008193,1008192
1008196,1008195
1008199,1008198
1008201,1008200
1008204,1008203
1008206,1008205
1008222,1008221
1008225,1008224
1008236,1008235
1008239,1008238
1008241,1008240
1008243,1008242
1008274,1008273
1008278,1008277
1008290,1008289
1008320,1008319
1008327,1008326
1008330,1008329
1008332,1008331
1008339,1008338
1008342,1008341
1008345,1008344
1008352,1008351
1008356,1008355
1008359,1008358
1008411,1008410
1008414,1008413
1008441,1008440
1008463,1008462
1008466,1008465
1008468,1008467
1008476,1008475
1008479,1008478
1008481,1008480
1008493,1008492
1008497,1008496
1008500,1008499
1008522,1008521
1008525,1008524
1008581,1008580
1008658,1008657
1008661,1008660
1008667,1008666
1008670,1008669
1008686,1008685
1008690,1008689
1008693,1008692
1008704,1008703
1008707,1008706
1008709,1008708
1008748,1008747
1008751,1008750
1008753,1008752
1008785,1008784
1008788,1008787
1008790,1008789
1008793,1008792
1008795,1008794
1008811,1008810
1008815,1008814
1008818,1008817
1008828,1008827
1008832,1008831
1008834,1008833
1008858,1008857
1008861,1008860
1008863,1008862
1008889,1008888
1008892,1008891
1008899,1008898
1008931,1008930
1008939,1008938
1008942,1008941
1008944,1008943
1008987,1008986
1008990,1008989
1008992,1008991
1008994,1008993
1009014,1009013
1009017,1009016
1009064,1009063
1009067,1009066
1009069,1009068
1009101,1009100
1009104,1009103
1009106,1009105
1009108,1009107
1009110,1009109
1009131,1009130
1009134,1009133
1009141,1009140
1009145,1009144
1009148,1009147
1009150,1009149
1009152,1009151
1009155,1009154
1009194,1009193
1009197,1009196
1009199,1009198
1009202,1009201
1009204,1009203
1009206,1009205
1009222,1009221
1009225,1009224
1009231,1009230
1009234,1009233
1009236,1009235
1009238,1009237
1009240,1009239
1009242,1009241
1009244,1009243
1009300,1009299
1009343,1009342
1009346,1009345
1009348,1009347
1009350,1009349
1009356,1009355
1009359,1009358
1009394,1009393
1009430,1009429
1009434,1009433
1009437,1009436
1009440,1009439
1009443,1009442
1009446,1009445
1009473,1009472
1009476,1009475
1009478,1009477
1009494,1009493
1009498,1009497
1009500,1009499
1009502,1009501
1009508,1009507
1009511,1009510
1009513,1009512
1009533,1009532
1009536,1009535
1009538,1009537
1009606,1009605
1009610,1009609
1009617,1009616
1009620,1009619
1009622,1009621
1009628,1009627
1009631,1009630
1009633,1009632
1009639,1009638
1009643,1009642
1009646,1009645
1009659,1009658
1009662,1009661
1009664,1009663
1009666,1009665
1009713,1009712
1009716,1009715
1009718,1009717
1009720,1009719
1009754,1009753
1009758,1009757
1009772,1009771
1009776,1009775
1009779,1009778
1009786,1009785
1009789,1009788
1009791,1009790
1009798,1009797
1009854,1009853
1009857,1009856
1009859,1009858
1009861,1009860
1009902,1009901
1009905,1009904
1009907,1009906
1009913,1009912
1009921,1009920
1009924,1009923
1009926,1009925
1009967,1009966
1010041,1010040
1010044,1010043
1010046,1010045
1010052,1010051
1010099,1010098
1010102,1010101
1010128,1010127
1010146,1010145
1010149,1010148
1010151,1010150
1010153,1010152
1010155,1010154
1010227,1010226
1010230,1010229
1010265,1010264
1010269,1010268
1010272,1010271
1010275,1010274
1010307,1010306
1010311,1010310
1010314,1010313
1010335,1010334
1010339,1010338
1010363,1010362
1010367,1010366
1010411,1010410
1010429,1010428
1010432,1010431
1010506,1010505
1010510,1010509
1010512,1010511
1010514,1010513
1010525,1010524
1010528,1010527
1010535,1010534
1010538,1010537
1010540,1010539
1010542,1010541
1010569,1010568
1010608,1010607
1010626,1010625
1010629,1010628
1010631,1010630
1010633,1010632
1010640,1010639
1010644,1010643
1010646,1010645
1010649,1010648
1010651,1010650
1010657,1010656
1010660,1010659
1010677,1010676
1010680,1010679
1010705,1010704
1010708,1010707
1010710,1010709
1010752,1010751
1010755,1010754
1010766,1010765
1010769,1010768
1010775,1010774
1010779,1010778
1010785,1010784
1010789,1010788
1010792,1010791
1010795,1010794
1010804,1010803
1010807,1010806
1010809,1010808
1010812,1010811
1010844,1010843
1010847,1010846
1010854,1010853
1010857,1010856
1010863,1010862
1010866,1010865
1010868,1010867
1010907,1010906
1010919,1010918
1010927,1010926
1010930,1010929
1010932,1010931
1010939,1010938
1010947,1010946
1011008,1011007
1011011,1011010
1011014,1011013
1011017,1011016
1011049,1011048
1011052,1011051
1011054,1011053
1011060,1011059
1011063,1011062
1011075,1011074
1011078,1011077
1011084,1011083
1011087,1011086
1011093,1011092
1011097,1011096
1011099,1011098
1011101,1011100
1011104,1011103
1011107,1011106
1011109,1011108
1011115,1011114
1011118,1011117
1011134,1011133
1011179,1011178
1011182,1011181
1011188,1011187
1011191,1011190
1011193,1011192
1011195,1011194
1011197,1011196
1011234,1011233
1011237,1011236
1011239,1011238
1011314,1011313
1011317,1011316
1011334,1011333
1011337,1011336
1011339,1011338
1011346,1011345
1011349,1011348
1011352,1011351
1011354,1011353
1011360,1011359
1011364,1011363
1011392,1011391
1011396,1011395
1011399,1011398
1011421,1011420
1011424,1011423
1011426,1011425
1011459,1011458
1011463,1011462
1011466,1011465
1011473,1011472
1011477,1011476
1011480,1011479
1011486,1011485
1011523,1011522
1011527,1011526
1011552,1011551
1011555,1011554
1011557,1011556
1011564,1011563
1011567,1011566
1011569,1011568
1011619,1011618
1011623,1011622
1011643,1011642
1011723,1011722
1011726,1011725
1011732,1011731
1011739,1011738
1011742,1011741
1011771,1011770
1011774,1011773
1011776,1011775
1011778,1011777
1011780,1011779
1011782,1011781
1011831,1011830
1011835,1011834
1011837,1011836
1011839,1011838
1011841,1011840
1011863,1011862
1011866,1011865
1011868,1011867
1011874,1011873
1011877,1011876
1011902,1011901
1011906,1011905
1011909,1011908
1011912,1011911
1011937,1011936
1011941,1011940
1011943,1011942
1011949,1011948
1011953,1011952
1011956,1011955
1011993,1011992
1012010,1012009
1012013,1012012
1012095,1012094
1012099,1012098
1012116,1012115
1012119,1012118
1012125,1012124
1012128,1012127
1012130,1012129
1012132,1012131
1012134,1012133
1012140,1012139
1012148,1012147
1012214,1012213
1012217,1012216
1012220,1012219
1012222,1012221
1012244,1012243
1012248,1012247
1012254,1012253
1012364,1012363
1012367,1012366
1012369,1012368
1012386,1012385
1012389,1012388
1012442,1012441
1012455,1012454
1012459,1012458
1012461,1012460
1012478,1012477
1012524,1012523
1012557,1012556
1012564,1012563
1012610,1012609
1012613,1012612
1012615,1012614
1012650,1012649
1012654,1012653
1012657,1012656
1012683,1012682
1012686,1012685
1012688,1012687
1012732,1012731
1012735,1012734
1012741,1012740
1012793,1012792
1012796,1012795
1012798,1012797
1012847,1012846
1012850,1012849
1012853,1012852
1012884,1012883
1012896,1012895
1012900,1012899
1012902,1012901
1012904,1012903
1012907,1012906
1012920,1012919
1012923,1012922
1012925,1012924
1013017,1013016
1013021,1013020
1013027,1013026
1013030,1013029
1013032,1013031
1013045,1013044
1013048,1013047
1013051,1013050
1013059,1013058
1013063,1013062
1013066,1013065
1013068,1013067
1013080,1013079
1013083,1013082
1013085,1013084
1013158,1013157
1013185,1013184
1013189,1013188
1013225,1013224
1013228,1013227
1013234,1013233
1013237,1013236
1013273,1013272
1013276,1013275
1013282,1013281
1013285,1013284
1013287,1013286
1013289,1013288
1013295,1013294
1013298,1013297
1013310,1013309
1013313,1013312
1013323,1013322
1013344,1013343
1013351,1013350
1013354,1013353
1013378,1013377
1013405,1013404
1013409,1013408
1013411,1013410
1013413,1013412
1013415,1013414
1013422,1013421
1013426,1013425
1013449,1013448
1013452,1013451
1013454,1013453
1013518,1013517
1013521,1013520
1013523,1013522
1013553,1013552
1013566,1013565
1013569,1013568
1013571,1013570
1013573,1013572
1013575,1013574
1013577,1013576
1013580,1013579
1013685,1013684
1013688,1013687
1013690,1013689
1013692,1013691
1013744,1013743
1013747,1013746
1013749,1013748
1013751,1013750
1013757,1013756
1013761,1013760
1013764,1013763
1013776,1013775
1013783,1013782
1013786,1013785
1013788,1013787
1013809,1013808
1013812,1013811
1013884,1013883
1013906,1013905
1013975,1013974
1013979,1013978
1013981,1013980
1013983,1013982
1013986,1013985
1013988,1013987
1013990,1013989
1014007,1014006
1014011,1014010
1014013,1014012
1014015,1014014
1014017,1014016
1014020,1014019
1014026,1014025
1014029,1014028
1014031,1014030
1014034,1014033
1014036,1014035
1014042,1014041
1014045,1014044
1014047,1014046
1014053,1014052
1014057,1014056
1014059,1014058
1014061,1014060
1014121,1014120
1014124,1014123
1014126,1014125
1014132,1014131
1014135,1014134
1014137,1014136
1014147,1014146
1014151,1014150
1014167,1014166
1014170,1014169
1014173,1014172
1014193,1014192
1014196,1014195
1014198,1014197
1014216,1014215
1014220,1014219
1014223,1014222
1014225,1014224
1014266,1014265
1014269,1014268
1014271,1014270
1014277,1014276
1014280,1014279
1014287,1014286
1014290,1014289
1014292,1014291
1014367,1014366
1014370,1014369
1014396,1014395
1014399,1014398
1014401,1014400
1014403,1014402
1014419,1014418
1014422,1014421
1014424,1014423
1014426,1014425
1014474,1014473
1014477,1014476
1014479,1014478
1014493,1014492
1014496,1014495
1014498,1014497
1014500,1014499
1014502,1014501
1014534,1014533
1014538,1014537
1014541,1014540
1014544,1014543
1014550,1014549
1014553,1014552
1014555,1014554
1014561,1014560
1014568,1014567
1014571,1014570
1014573,1014572
1014575,1014574
1014581,1014580
1014584,1014583
1014586,1014585
1014593,1014592
1014666,1014665
1014669,1014668
1014671,1014670
1014716,1014715
1014740,1014739
1014743,1014742
1014745,1014744
1014747,1014746
1014749,1014748
1014788,1014787
1014795,1014794
1014798,1014797
1014804,1014803
1014807,1014806
1014809,1014808
1014815,1014814
1014819,1014818
1014831,1014830
1014874,1014873
1014877,1014876
1014880,1014879
1014882,1014881
1014884,1014883
1014934,1014933
1014937,1014936
1014939,1014938
1014945,1014944
1014957,1014956
1014960,1014959
1014962,1014961
1014968,1014967
1014971,1014970
1014973,1014972
1015063,1015062
1015066,1015065
1015069,1015068
1015071,1015070
1015074,1015073
1015085,1015084
1015088,1015087
1015095,1015094
1015099,1015098
1015110,1015109
1015113,1015112
1015115,1015114
1015117,1015116
1015133,1015132
1015136,1015135
1015138,1015137
1015202,1015201
1015205,1015204
1015207,1015206
1015213,1015212
1015271,1015270
1015274,1015273
1015321,1015320
1015324,1015323
1015326,1015325
1015332,1015331
1015335,1015334
1015375,1015374
1015378,1015377
1015380,1015379
1015382,1015381
1015388,1015387
1015391,1015390
1015393,1015392
1015395,1015394
1015454,1015453
1015457,1015456
1015459,1015458
1015470,1015469
1015473,1015472
1015484,1015483
1015505,1015504
1015508,1015507
1015576,1015575
1015579,1015578
1015581,1015580
1015610,1015609
1015613,1015612
1015616,1015615
1015619,1015618
1015621,1015620
1015642,1015641
1015646,1015645
1015649,1015648
1015652,1015651
1015654,1015653
1015730,1015729
1015734,1015733
1015737,1015736
1015753,1015752
1015756,1015755
1015758,1015757
1015760,1015759
1015781,1015780
1015784,1015783
1015786,1015785
1015789,1015788
1015813,1015812
1015816,1015815
1015819,1015818
1015869,1015868
1015872,1015871
1015883,1015882
1015886,1015885
1015888,1015887
1015895,1015894
1015899,1015898
1015902,1015901
1015908,1015907
1015950,1015949
1015953,1015952
1015955,1015954
1015988,1015987
1015991,1015990
1015993,1015992
1015995,1015994
1016001,1016000
1016004,1016003
1016006,1016005
1016027,1016026
1016119,1016118
1016122,1016121
1016173,1016172
1016176,1016175
1016178,1016177
1016180,1016179
1016198,1016197
1016201,1016200
1016203,1016202
1016234,1016233
1016237,1016236
1016239,1016238
1016246,1016245
1016249,1016248
1016252,1016251
1016254,1016253
1016265,1016264
1016268,1016267
1016270,1016269
1016272,1016271
1016284,1016283
1016287,1016286
1016308,1016307
1016311,1016310
1016340,1016339
1016343,1016342
1016345,1016344
1016347,1016346
1016383,1016382
1016386,1016385
1016388,1016387
1016409,1016408
1016412,1016411
1016419,1016418
1016422,1016421
1016449,1016448
1016535,1016534
1016539,1016538
1016541,1016540
1016543,1016542
1016564,1016563
1016592,1016591
1016599,1016598
1016607,1016606
1016610,1016609
1016643,1016642
1016646,1016645
1016657,1016656
1016664,1016663
1016667,1016666
1016669,1016668
1016695,1016694
1016698,1016697
1016700,1016699
1016726,1016725
1016729,1016728
1016731,1016730
1016766,1016765
1016769,1016768
1016771,1016770
1016782,1016781
1016785,1016784
1016801,1016800
1016804,1016803
1016806,1016805
1016848,1016847
1016851,1016850
1016853,1016852
1016855,1016854
1016857,1016856
1016898,1016897
1016901,1016900
1016919,1016918
1016922,1016921
1016925,1016924
1016927,1016926
1016933,1016932
1016940,1016939
1016943,1016942
1016945,1016944
1016947,1016946
1016949,1016948
1016951,1016950
1016954,1016953
1016975,1016974
1016979,1016978
1016981,1016980
1016983,1016982
1016985,1016984
1016987,1016986
1016990,1016989
1017012,1017011
1017015,1017014
1017017,1017016
1017019,1017018
1017025,1017024
1017028,1017027
1017055,1017054
1017059,1017058
1017061,1017060
1017063,1017062
1017084,1017083
1017106,1017105
1017109,1017108
1017111,1017110
1017150,1017149
1017153,1017152
1017228,1017227
1017231,1017230
1017233,1017232
1017235,1017234
1017237,1017236
1017244,1017243
1017247,1017246
1017249,1017248
1017251,1017250
1017276,1017275
1017279,1017278
1017281,1017280
1017283,1017282
1017289,1017288
1017322,1017321
1017393,1017392
1017396,1017395
1017405,1017404
1017409,1017408
1017411,1017410
1017453,1017452
1017456,1017455
1017459,1017458
1017461,1017460
1017463,1017462
1017474,1017473
1017487,1017486
1017490,1017489
1017493,1017492
1017496,1017495
1017520,1017519
1017524,1017523
1017530,1017529
1017533,1017532
1017560,1017559
1017563,1017562
1017565,1017564
1017567,1017566
1017599,1017598
1017602,1017601
1017604,1017603
1017616,1017615
1017620,1017619
1017622,1017621
1017625,1017624
1017627,1017626
1017633,1017632
1017636,1017635
1017643,1017642
1017666,1017665
1017669,1017668
1017672,1017671
1017696,1017695
1017699,1017698
1017705,1017704
1017708,1017707
1017735,1017734
1017738,1017737
1017740,1017739
1017752,1017751
1017756,1017755
1017767,1017766
1017811,1017810
1017814,1017813
1017816,1017815
1017862,1017861
1017865,1017864
1017867,1017866
1017873,1017872
1017876,1017875
1017878,1017877
1017884,1017883
1017900,1017899
1017903,1017902
1017972,1017971
1017989,1017988
1017997,1017996
1018045,1018044
1018054,1018053
1018057,1018056
1018060,1018059
1018062,1018061
1018064,1018063
1018095,1018094
1018098,1018097
1018109,1018108
1018112,1018111
1018158,1018157
1018161,1018160
1018164,1018163
1018166,1018165
1018169,1018168
1018256,1018255
1018259,1018258
1018261,1018260
1018268,1018267
1018271,1018270
1018273,1018272
1018289,1018288
1018292,1018291
1018294,1018293
1018313,1018312
1018316,1018315
1018318,1018317
1018344,1018343
1018347,1018346
1018369,1018368
1018372,1018371
1018374,1018373
1018380,1018379
1018384,1018383
1018386,1018385
1018388,1018387
1018390,1018389
1018412,1018411
1018432,1018431
1018435,1018434
1018437,1018436
1018439,1018438
1018441,1018440
1018493,1018492
1018497,1018496
1018499,1018498
1018506,1018505
1018509,1018508
1018511,1018510
1018513,1018512
1018565,1018564
1018589,1018588
1018633,1018632
1018636,1018635
1018638,1018637
1018649,1018648
1018652,1018651
1018654,1018653
1018660,1018659
1018663,1018662
1018666,1018665
1018750,1018749
1018754,1018753
1018765,1018764
1018768,1018767
1018784,1018783
1018788,1018787
1018810,1018809
1018814,1018813
1018816,1018815
1018818,1018817
1018832,1018831
1018835,1018834
1018920,1018919
1018923,1018922
1018925,1018924
1018940,1018939
1018943,1018942
1018966,1018965
1019006,1019005
1019009,1019008
1019015,1019014
1019018,1019017
1019020,1019019
1019027,1019026
1019030,1019029
1019032,1019031
1019087,1019086
1019090,1019089
1019126,1019125
1019129,1019128
1019174,1019173
1019177,1019176
1019179,1019178
1019233,1019232
1019236,1019235
1019238,1019237
1019240,1019239
1019248,1019247
1019251,1019250
1019253,1019252
1019270,1019269
1019274,1019273
1019276,1019275
1019282,1019281
1019285,1019284
1019287,1019286
1019295,1019294
1019299,1019298
1019301,1019300
1019303,1019302
1019305,1019304
1019325,1019324
1019328,1019327
1019330,1019329
1019392,1019391
1019414,1019413
1019421,1019420
1019424,1019423
1019430,1019429
1019446,1019445
1019474,1019473
1019477,1019476
1019479,1019478
1019481,1019480
1019492,1019491
1019495,1019494
1019497,1019496
1019540,1019539
1019543,1019542
1019545,1019544
1019547,1019546
1019549,1019548
1019565,1019564
1019568,1019567
1019570,1019569
1019644,1019643
1019647,1019646
1019649,1019648
1019651,1019650
1019657,1019656
1019660,1019659
1019676,1019675
1019679,1019678
1019682,1019681
1019684,1019683
1019686,1019685
1019689,1019688
1019691,1019690
1019693,1019692
1019695,1019694
1019701,1019700
1019705,1019704
1019707,1019706
1019722,1019721
1019749,1019748
1019752,1019751
1019754,1019753
1019769,1019768
1019773,1019772
1019776,1019775
1019778,1019777
1019821,1019820
1019824,1019823
1019826,1019825
1019838,1019837
1019841,1019840
1019843,1019842
1019849,1019848
1019852,1019851
1019854,1019853
1019899,1019898
1019941,1019940
1019944,1019943
1019951,1019950
1019955,1019954
1019958,1019957
1019961,1019960
1019968,1019967
1019976,1019975
1019980,1019979
1020018,1020017
1020021,1020020
1020023,1020022
1020030,1020029
1020033,1020032
1020035,1020034
1020038,1020037
1020040,1020039
1020043,1020042
1020114,1020113
1020117,1020116
1020119,1020118
1020121,1020120
1020203,1020202
1020206,1020205
1020208,1020207
1020210,1020209
1020221,1020220
1020273,1020272
1020276,1020275
1020278,1020277
1020317,1020316
1020320,1020319
1020332,1020331
1020336,1020335
1020338,1020337
1020344,1020343
1020347,1020346
1020349,1020348
1020377,1020376
1020381,1020380
1020384,1020383
1020442,1020441
1020455,1020454
1020459,1020458
1020461,1020460
1020463,1020462
1020465,1020464
1020467,1020466
1020469,1020468
1020483,1020482
1020486,1020485
1020488,1020487
1020494,1020493
1020497,1020496
1020499,1020498
1020550,1020549
1020553,1020552
1020581,1020580
1020584,1020583
1020586,1020585
1020588,1020587
1020599,1020598
1020611,1020610
1020618,1020617
1020626,1020625
1020696,1020695
1020699,1020698
1020702,1020701
1020708,1020707
1020711,1020710
1020713,1020712
1020715,1020714
1020722,1020721
1020725,1020724
1020737,1020736
1020780,1020779
1020787,1020786
1020814,1020813
1020817,1020816
1020828,1020827
1020831,1020830
1020833,1020832
1020844,1020843
1020847,1020846
1020877,1020876
1020880,1020879
1020882,1020881
1020907,1020906
1020911,1020910
1020938,1020937
1020941,1020940
1020943,1020942
1020964,1020963
1020967,1020966
1020974,1020973
1020977,1020976
1020980,1020979
1020983,1020982
1020989,1020988
1021061,1021060
1021064,1021063
1021066,1021065
1021068,1021067
1021070,1021069
1021072,1021071
1021074,1021073
1021100,1021099
1021109,1021108
1021113,1021112
1021116,1021115
1021118,1021117
1021120,1021119
1021131,1021130
1021134,1021133
1021136,1021135
1021204,1021203
1021207,1021206
1021242,1021241
1021245,1021244
1021311,1021310
1021314,1021313
1021316,1021315
1021318,1021317
1021340,1021339
1021343,1021342
1021349,1021348
1021352,1021351
1021354,1021353
1021360,1021359
1021415,1021414
1021418,1021417
1021420,1021419
1021422,1021421
1021428,1021427
1021431,1021430
1021433,1021432
1021436,1021435
1021503,1021502
1021506,1021505
1021508,1021507
1021510,1021509
1021512,1021511
1021518,1021517
1021521,1021520
1021523,1021522
1021525,1021524
1021557,1021556
1021561,1021560
1021563,1021562
1021572,1021571
1021575,1021574
1021577,1021576
1021579,1021578
1021595,1021594
1021598,1021597
1021604,1021603
1021607,1021606
1021675,1021674
1021678,1021677
1021680,1021679
1021691,1021690
1021703,1021702
1021719,1021718
1021722,1021721
1021724,1021723
1021726,1021725
1021728,1021727
1021755,1021754
1021758,1021757
1021810,1021809
1021813,1021812
1021815,1021814
1021817,1021816
1021823,1021822
1021826,1021825
1021828,1021827
1021872,1021871
1021914,1021913
1021917,1021916
1021919,1021918
1021925,1021924
1021928,1021927
1021934,1021933
1021938,1021937
1021964,1021963
1021967,1021966
1021969,1021968
1021971,1021970
1021973,1021972
1021999,1021998
1022041,1022040
1022044,1022043
1022158,1022157
1022162,1022161
1022170,1022169
1022173,1022172
1022223,1022222
1022226,1022225
1022228,1022227
1022230,1022229
1022232,1022231
1022268,1022267
1022271,1022270
1022292,1022291
1022295,1022294
1022297,1022296
1022299,1022298
1022305,1022304
1022308,1022307
1022347,1022346
1022350,1022349
1022382,1022381
1022385,1022384
1022387,1022386
1022414,1022413
1022417,1022416
1022419,1022418
1022448,1022447
1022451,1022450
1022453,1022452
1022521,1022520
1022524,1022523
1022526,1022525
1022532,1022531
1022535,1022534
1022574,1022573
1022577,1022576
1022579,1022578
1022628,1022627
1022631,1022630
1022633,1022632
1022635,1022634
1022637,1022636
1022650,1022649
1022653,1022652
1022655,1022654
1022671,1022670
1022675,1022674
1022677,1022676
1022679,1022678
1022721,1022720
1022724,1022723
1022727,1022726
1022730,1022729
1022757,1022756
1022760,1022759
1022762,1022761
1022764,1022763
1022782,1022781
1022785,1022784
1022787,1022786
1022789,1022788
1022815,1022814
1022818,1022817
1022821,1022820
1022865,1022864
1022868,1022867
1022870,1022869
1022878,1022877
1022881,1022880
1022883,1022882
1022885,1022884
1022985,1022984
1022988,1022987
1022990,1022989
1022992,1022991
1023018,1023017
1023021,1023020
1023027,1023026
1023030,1023029
1023032,1023031
1023034,1023033
1023045,1023044
1023048,1023047
1023050,1023049
1023056,1023055
1023059,1023058
1023061,1023060
1023063,1023062
1023069,1023068
1023072,1023071
1023094,1023093
1023098,1023097
1023101,1023100
1023104,1023103
1023106,1023105
1023134,1023133
1023137,1023136
1023139,1023138
1023166,1023165
1023188,1023187
1023191,1023190
1023202,1023201
1023219,1023218
1023223,1023222
1023248,1023247
1023251,1023250
1023257,1023256
1023260,1023259
1023262,1023261
1023313,1023312
1023316,1023315
1023318,1023317
1023324,1023323
1023327,1023326
1023329,1023328
1023331,1023330
1023361,1023360
1023364,1023363
1023370,1023369
1023374,1023373
1023402,1023401
1023405,1023404
1023407,1023406
1023413,1023412
1023416,1023415
1023418,1023417
1023420,1023419
1023422,1023421
1023424,1023423
1023440,1023439
1023444,1023443
1023447,1023446
1023449,1023448
1023455,1023454
1023458,1023457
1023460,1023459
1023507,1023506
1023511,1023510
1023517,1023516
1023520,1023519
1023522,1023521
1023577,1023576
1023580,1023579
1023582,1023581
1023584,1023583
1023692,1023691
1023695,1023694
1023708,1023707
1023711,1023710
1023713,1023712
1023729,1023728
1023733,1023732
1023735,1023734
1023780,1023779
1023783,1023782
1023785,1023784
1023787,1023786
1023818,1023817
1023822,1023821
1023824,1023823
1023827,1023826
1023869,1023868
1023872,1023871
1023875,1023874
1023878,1023877
1023907,1023906
1023910,1023909
1023932,1023931
1023935,1023934
1023938,1023937
1023940,1023939
1023942,1023941
1023944,1023943
1023950,1023949
1023953,1023952
1023955,1023954
1024000,1023999
1024070,1024069
1024073,1024072
1024076,1024075
1024078,1024077
1024092,1024091
1024096,1024095
1024099,1024098
1024101,1024100
1024130,1024129
1024133,1024132
1024161,1024160
1024164,1024163
1024166,1024165
1024200,1024199
1024203,1024202
1024205,1024204
1024207,1024206
1024214,1024213
1024217,1024216
1024219,1024218
1024247,1024246
1024250,1024249
1024261,1024260
1024264,1024263
1024266,1024265
1024268,1024267
1024270,1024269
1024292,1024291
1024295,1024294
1024297,1024296
1024299,1024298
1024301,1024300
1024340,1024339
1024343,1024342
1024345,1024344
1024372,1024371
1024375,1024374
1024377,1024376
1024379,1024378
1024385,1024384
1024388,1024387
1024390,1024389
1024422,1024421
1024425,1024424
1024427,1024426
1024429,1024428
1024431,1024430
1024573,1024572
1024576,1024575
1024582,1024581
1024585,1024584
1024587,1024586
1024589,1024588
1024610,1024609
1024613,1024612
1024699,1024698
1024706,1024705
1024709,1024708
1024715,1024714
1024718,1024717
1024720,1024719
1024722,1024721
1024772,1024771
1024775,1024774
1024777,1024776
1024814,1024813
1024817,1024816
1024819,1024818
1024821,1024820
1024823,1024822
1024829,1024828
1024832,1024831
1024834,1024833
1024836,1024835
1024849,1024848
1024852,1024851
1024854,1024853
1024865,1024864
1024868,1024867
1024870,1024869
1024912,1024911
1024915,1024914
1024917,1024916
1024919,1024918
1024958,1024957
1024961,1024960
1025012,1025011
1025015,1025014
1025064,1025063
1025078,1025077
1025081,1025080
1025083,1025082
1025085,1025084
1025091,1025090
1025094,1025093
1025100,1025099
1025104,1025103
1025106,1025105
1025108,1025107
1025114,1025113
1025117,1025116
1025125,1025124
1025128,1025127
1025158,1025157
1025161,1025160
1025163,1025162
1025185,1025184
1025188,1025187
1025194,1025193
1025197,1025196
1025199,1025198
1025201,1025200
1025232,1025231
1025235,1025234
1025261,1025260
1025264,1025263
1025270,1025269
1025273,1025272
1025275,1025274
1025277,1025276
1025280,1025279
1025295,1025294
1025298,1025297
1025305,1025304
1025308,1025307
1025310,1025309
1025317,1025316
1025320,1025319
1025322,1025321
1025351,1025350
1025358,1025357
1025397,1025396
1025400,1025399
1025402,1025401
1025413,1025412
1025416,1025415
1025418,1025417
1025420,1025419
1025422,1025421
1025424,1025423
1025426,1025425
1025463,1025462
1025487,1025486
1025490,1025489
1025492,1025491
1025498,1025497
1025501,1025500
1025560,1025559
1025563,1025562
1025565,1025564
1025613,1025612
1025617,1025616
1025619,1025618
1025621,1025620
1025629,1025628
1025632,1025631
1025679,1025678
1025686,1025685
1025689,1025688
1025697,1025696
1025700,1025699
1025737,1025736
1025740,1025739
1025800,1025799
1025803,1025802
1025805,1025804
1025807,1025806
1025834,1025833
1025852,1025851
1025855,1025854
1025857,1025856
1025886,1025885
1025895,1025894
1025898,1025897
1025900,1025899
1025902,1025901
1025904,1025903
1025906,1025905
1025913,1025912
1025916,1025915
1025918,1025917
1025925,1025924
1025928,1025927
1025961,1025960
1025964,1025963
1025971,1025970
1025975,1025974
1025977,1025976
1025979,1025978
1025991,1025990
1026019,1026018
1026023,1026022
1026077,1026076
1026080,1026079
1026082,1026081
1026099,1026098
1026195,1026194
1026207,1026206
1026224,1026223
1026227,1026226
1026242,1026241
1026249,1026248
1026281,1026280
1026284,1026283
1026315,1026314
1026318,1026317
1026339,1026338
1026342,1026341
1026344,1026343
1026351,1026350
1026354,1026353
1026356,1026355
1026358,1026357
1026360,1026359
1026403,1026402
1026406,1026405
1026408,1026407
1026454,1026453
1026457,1026456
1026459,1026458
1026470,1026469
1026474,1026473
1026477,1026476
1026511,1026510
1026535,1026534
1026615,1026614
1026618,1026617
1026652,1026651
1026656,1026655
1026662,1026661
1026695,1026694
1026698,1026697
1026700,1026699
1026702,1026701
1026714,1026713
1026717,1026716
1026764,1026763
1026768,1026767
1026770,1026769
1026772,1026771
1026774,1026773
1026776,1026775
1026778,1026777
1026801,1026800
1026804,1026803
1026806,1026805
1026808,1026807
1026810,1026809
1026812,1026811
1026819,1026818
1026822,1026821
1026824,1026823
1026826,1026825
1026828,1026827
1026830,1026829
1026877,1026876
1026880,1026879
1026882,1026881
1026884,1026883
1026891,1026890
1026895,1026894
1026897,1026896
1026899,1026898
1026902,1026901
1026904,1026903
1026907,1026906
1026928,1026927
1026931,1026930
1026934,1026933
1027006,1027005
1027009,1027008
1027012,1027011
1027014,1027013
1027020,1027019
1027028,1027027
1027031,1027030
1027033,1027032
1027035,1027034
1027037,1027036
1027044,1027043
1027047,1027046
1027055,1027054
1027058,1027057
1027060,1027059
1027066,1027065
1027069,1027068
1027071,1027070
1027127,1027126
1027130,1027129
1027133,1027132
1027135,1027134
1027146,1027145
1027149,1027148
1027178,1027177
1027181,1027180
1027183,1027182
1027185,1027184
1027201,1027200
1027204,1027203
1027251,1027250
1027254,1027253
1027256,1027255
1027258,1027257
1027295,1027294
1027305,1027304
1027309,1027308
1027312,1027311
1027319,1027318
1027322,1027321
1027333,1027332
1027336,1027335
1027338,1027337
1027344,1027343
1027348,1027347
1027350,1027349
1027392,1027391
1027400,1027399
1027404,1027403
1027407,1027406
1027409,1027408
1027470,1027469
1027473,1027472
1027475,1027474
1027481,1027480
1027493,1027492
1027496,1027495
1027498,1027497
1027533,1027532
1027536,1027535
1027573,1027572
1027590,1027589
1027593,1027592
1027621,1027620
1027624,1027623
1027626,1027625
1027654,1027653
1027685,1027684
1027688,1027687
1027690,1027689
1027697,1027696
1027700,1027699
1027703,1027702
1027729,1027728
1027732,1027731
1027734,1027733
1027736,1027735
1027738,1027737
1027751,1027750
1027754,1027753
1027756,1027755
1027758,1027757
1027765,1027764
1027768,1027767
1027770,1027769
1027802,1027801
1027805,1027804
1027812,1027811
1027816,1027815
1027845,1027844
1027853,1027852
1027856,1027855
1027878,1027877
1027881,1027880
1027887,1027886
1027890,1027889
1027923,1027922
1027926,1027925
1027928,1027927
1027930,1027929
1027939,1027938
1027942,1027941
1027994,1027993
1027997,1027996
1027999,1027998
1028001,1028000
1028018,1028017
1028047,1028046
1028050,1028049
1028092,1028091
1028095,1028094
1028097,1028096
1028110,1028109
1028113,1028112
1028115,1028114
1028117,1028116
1028149,1028148
1028153,1028152
1028155,1028154
1028161,1028160
1028164,1028163
1028229,1028228
1028232,1028231
1028248,1028247
1028296,1028295
1028299,1028298
1028325,1028324
1028328,1028327
1028330,1028329
1028336,1028335
1028343,1028342
1028346,1028345
1028348,1028347
1028350,1028349
1028366,1028365
1028369,1028368
1028376,1028375
1028414,1028413
1028417,1028416
1028419,1028418
1028425,1028424
1028428,1028427
1028478,1028477
1028481,1028480
1028483,1028482
1028489,1028488
1028492,1028491
1028498,1028497
1028537,1028536
1028540,1028539
1028542,1028541
1028584,1028583
1028587,1028586
1028589,1028588
1028610,1028609
1028613,1028612
1028615,1028614
1028617,1028616
1028689,1028688
1028692,1028691
1028694,1028693
1028720,1028719
1028723,1028722
1028729,1028728
1028732,1028731
1028754,1028753
1028758,1028757
1028760,1028759
1028762,1028761
1028778,1028777
1028781,1028780
1028783,1028782
1028785,1028784
1028792,1028791
1028796,1028795
1028799,1028798
1028801,1028800
1028807,1028806
1028810,1028809
1028812,1028811
1028842,1028841
1028901,1028900
1028904,1028903
1028906,1028905
1028938,1028937
1028941,1028940
1028943,1028942
1028954,1028953
1028957,1028956
1028959,1028958
1028965,1028964
1028968,1028967
1028975,1028974
1028978,1028977
1028980,1028979
1028986,1028985
1028990,1028989
1029009,1029008
1029013,1029012
1029015,1029014
1029017,1029016
1029020,1029019
1029022,1029021
1029034,1029033
1029038,1029037
1029040,1029039
1029042,1029041
1029045,1029044
1029047,1029046
1029049,1029048
1029051,1029050
1029074,1029073
1029077,1029076
1029079,1029078
1029085,1029084
1029088,1029087
1029121,1029120
1029124,1029123
1029126,1029125
1029128,1029127
1029130,1029129
1029147,1029146
1029150,1029149
1029152,1029151
1029158,1029157
1029161,1029160
1029164,1029163
1029166,1029165
1029172,1029171
1029176,1029175
1029235,1029234
1029257,1029256
1029260,1029259
1029280,1029279
1029283,1029282
1029285,1029284
1029287,1029286
1029314,1029313
1029317,1029316
1029349,1029348
1029352,1029351
1029354,1029353
1029360,1029359
1029364,1029363
1029367,1029366
1029378,1029377
1029381,1029380
1029383,1029382
1029399,1029398
1029402,1029401
1029404,1029403
1029406,1029405
1029425,1029424
1029429,1029428
1029431,1029430
1029434,1029433
1029470,1029469
1029473,1029472
1029475,1029474
1029486,1029485
1029489,1029488
1029491,1029490
1029514,1029513
1029517,1029516
1029538,1029537
1029545,1029544
1029548,1029547
1029581,1029580
1029584,1029583
1029587,1029586
1029589,1029588
1029628,1029627
1029631,1029630
1029633,1029632
1029635,1029634
1029637,1029636
1029639,1029638
1029652,1029651
1029655,1029654
1029657,1029656
1029659,1029658
1029665,1029664
1029672,1029671
1029760,1029759
1029763,1029762
1029765,1029764
1029772,1029771
1029775,1029774
1029777,1029776
1029788,1029787
1029791,1029790
1029807,1029806
1029811,1029810
1029813,1029812
1029815,1029814
1029821,1029820
1029824,1029823
1029844,1029843
1029847,1029846
1029849,1029848
1029851,1029850
1029894,1029893
1029907,1029906
1029910,1029909
1029912,1029911
1029918,1029917
1029921,1029920
1029923,1029922
1029934,1029933
1029937,1029936
1029939,1029938
1029979,1029978
1029982,1029981
1029984,1029983
1030033,1030032
1030036,1030035
1030084,1030083
1030087,1030086
1030093,1030092
1030117,1030116
1030121,1030120
1030127,1030126
1030135,1030134
1030138,1030137
1030140,1030139
1030253,1030252
1030265,1030264
1030268,1030267
1030270,1030269
1030294,1030293
1030297,1030296
1030300,1030299
1030302,1030301
1030304,1030303
1030376,1030375
1030379,1030378
1030395,1030394
1030457,1030456
1030460,1030459
1030462,1030461
1030468,1030467
1030471,1030470
1030513,1030512
1030517,1030516
1030573,1030572
1030591,1030590
1030594,1030593
1030605,1030604
1030608,1030607
1030614,1030613
1030617,1030616
1030619,1030618
1030655,1030654
1030708,1030707
1030711,1030710
1030713,1030712
1030719,1030718
1030722,1030721
1030729,1030728
1030732,1030731
1030734,1030733
1030781,1030780
1030784,1030783
1030786,1030785
1030788,1030787
1030799,1030798
1030802,1030801
1030804,1030803
1030861,1030860
1030864,1030863
1030870,1030869
1030899,1030898
1030902,1030901
1030904,1030903
1030906,1030905
1030908,1030907
1030965,1030964
1030968,1030967
1030970,1030969
1030985,1030984
1030988,1030987
1031012,1031011
1031015,1031014
1031047,1031046
1031050,1031049
1031056,1031055
1031060,1031059
1031081,1031080
1031084,1031083
1031086,1031085
1031123,1031122
1031150,1031149
1031162,1031161
1031165,1031164
1031171,1031170
1031174,1031173
1031176,1031175
1031184,1031183
1031188,1031187
1031191,1031190
1031193,1031192
1031199,1031198
1031202,1031201
1031204,1031203
1031210,1031209
1031213,1031212
1031255,1031254
1031290,1031289
1031293,1031292
1031300,1031299
1031303,1031302
1031324,1031323
1031327,1031326
1031370,1031369
1031373,1031372
1031375,1031374
1031377,1031376
1031379,1031378
1031424,1031423
1031427,1031426
1031429,1031428
1031445,1031444
1031448,1031447
1031450,1031449
1031474,1031473
1031477,1031476
1031479,1031478
1031481,1031480
1031522,1031521
1031525,1031524
1031527,1031526
1031529,1031528
1031535,1031534
1031583,1031582
1031586,1031585
1031588,1031587
1031590,1031589
1031601,1031600
1031604,1031603
1031606,1031605
1031623,1031622
1031627,1031626
1031650,1031649
1031677,1031676
1031684,1031683
1031687,1031686
1031689,1031688
1031705,1031704
1031712,1031711
1031715,1031714
1031721,1031720
1031737,1031736
1031770,1031769
1031815,1031814
1031818,1031817
1031820,1031819
1031822,1031821
1031824,1031823
1031836,1031835
1031839,1031838
1031841,1031840
1031843,1031842
1031845,1031844
1031851,1031850
1031854,1031853
