gene,goannotation
1000184,1000183
1000481,1000480
1000592,1000591
1000592,1000595
1000684,1000683
1000788,1000787
1001052,1001051
1001052,1001055
1001052,1001058
1001087,1001086
1001087,1001090
1001103,1001102
1001103,1001106
1001103,1001109
1001145,1001144
1001145,1001147
1001168,1001167
1001168,1001171
1001179,1001178
1001179,1001182
1001179,1001185
1001217,1001216
1001217,1001220
1001217,1001222
1001217,1001225
1001217,1001228
1001217,1001231
1001254,1001253
1001302,1001301
1001302,1001305
1001431,1001430
1001431,1001434
1001445,1001444
1001445,1001447
1001445,1001450
1001445,1001453
1001461,1001460
1001461,1001464
1001482,1001481
1001482,1001485
1001497,1001496
1001497,1001499
1001497,1001502
1001497,1001504
1001497,1001506
1001570,1001569
1001603,1001602
1001603,1001606
1001624,1001623
1001624,1001627
1001624,1001629
1001624,1001632
1001624,1001635
1001624,1001638
1001667,1001666
1001667,1001670
1001667,1001672
1001667,1001675
1001667,1001678
1001719,1001718
1001719,1001722
1001734,1001733
1001741,1001740
1001741,1001744
1001741,1001747
1001741,1001750
1001792,1001791
1001792,1001795
1001792,1001798
1001847,1001846
1001847,1001849
1001847,1001852
1001847,1001854
1001862,1001861
1001862,1001865
1001862,1001867
1001876,1001875
1001876,1001879
1001876,1001882
1001876,1001884
1001876,1001887
1001876,1001890
1001911,1001910
1001911,1001914
1001911,1001917
1001911,1001920
1001984,1001983
1001984,1001987
1001995,1001994
1001995,1001997
1001995,1002000
1001995,1002002
1001995,1002005
1001995,1002007
1001995,1002010
1002023,1002022
1002030,1002029
1002030,1002033
1002030,1002035
1002030,1002037
1002045,1002044
1002045,1002048
1002045,1002050
1002076,1002075
1002076,1002078
1002076,1002081
1002170,1002169
1002178,1002177
1002186,1002185
1002186,1002189
1002186,1002192
1002186,1002194
1002223,1002222
1002223,1002226
1002223,1002228
1002263,1002262
1002263,1002265
1002263,1002267
1002263,1002269
1002286,1002285
1002286,1002289
1002286,1002292
1002286,1002295
1002335,1002334
1002373,1002372
1002373,1002376
1002373,1002378
1002373,1002380
1002388,1002387
1002388,1002391
1002388,1002394
1002388,1002396
1002408,1002407
1002408,1002411
1002408,1002414
1002408,1002417
1002459,1002458
1002459,1002461
1002459,1002464
1002459,1002467
1002459,1002470
1002494,1002493
1002494,1002497
1002494,1002500
1002494,1002503
1002535,1002534
1002535,1002537
1002535,1002539
1002546,1002545
1002601,1002600
1002601,1002604
1002612,1002611
1002612,1002615
1002612,1002618
1002612,1002620
1002660,1002659
1002660,1002662
1002660,1002665
1002687,1002686
1002687,1002690
1002687,1002692
1002787,1002786
1002787,1002789
1002798,1002797
1002798,1002801
1002798,1002804
1002811,1002810
1002874,1002873
1002874,1002876
1002874,1002878
1002944,1002943
1002944,1002947
1002960,1002959
1002960,1002963
1003003,1003002
1003003,1003005
1003003,1003008
1003015,1003014
1003022,1003021
1003022,1003025
1003022,1003027
1003034,1003033
1003034,1003036
1003034,1003038
1003046,1003045
1003077,1003076
1003106,1003105
1003106,1003108
1003148,1003147
1003148,1003150
1003148,1003152
1003216,1003215
1003216,1003219
1003216,1003222
1003216,1003225
1003216,1003227
1003216,1003229
1003266,1003265
1003266,1003269
1003266,1003271
1003266,1003274
1003282,1003281
1003282,1003284
1003282,1003286
1003298,1003297
1003298,1003300
1003308,1003307
1003329,1003328
1003329,1003331
1003341,1003340
1003341,1003343
1003370,1003369
1003370,1003372
1003370,1003374
1003382,1003381
1003382,1003384
1003422,1003421
1003422,1003425
1003422,1003427
1003422,1003429
1003530,1003529
1003530,1003533
1003530,1003535
1003530,1003537
1003530,1003539
1003530,1003542
1003530,1003544
1003557,1003556
1003557,1003560
1003557,1003562
1003557,1003565
1003572,1003571
1003572,1003574
1003572,1003576
1003584,1003583
1003584,1003587
1003584,1003590
1003584,1003592
1003584,1003595
1003602,1003601
1003602,1003604
1003621,1003620
1003621,1003623
1003621,1003625
1003652,1003651
1003652,1003654
1003652,1003656
1003652,1003658
1003690,1003689
1003739,1003738
1003739,1003742
1003781,1003780
1003781,1003783
1003781,1003786
1003840,1003839
1003840,1003843
1003889,1003888
1003889,1003891
1003889,1003893
1003889,1003895
1003976,1003975
1003976,1003978
1003985,1003984
1004080,1004079
1004080,1004082
1004141,1004140
1004141,1004143
1004155,1004154
1004155,1004158
1004155,1004160
1004155,1004163
1004171,1004170
1004192,1004191
1004192,1004194
1004192,1004196
1004192,1004198
1004192,1004200
1004216,1004215
1004216,1004219
1004276,1004275
1004276,1004278
1004290,1004289
1004298,1004297
1004298,1004300
1004298,1004302
1004314,1004313
1004397,1004396
1004397,1004400
1004397,1004403
1004430,1004429
1004503,1004502
1004503,1004506
1004530,1004529
1004530,1004533
1004530,1004536
1004543,1004542
1004543,1004545
1004561,1004560
1004561,1004563
1004593,1004592
1004600,1004599
1004600,1004602
1004600,1004604
1004654,1004653
1004654,1004656
1004654,1004658
1004684,1004683
1004684,1004687
1004711,1004710
1004711,1004713
1004747,1004746
1004754,1004753
1004754,1004756
1004769,1004768
1004769,1004772
1004779,1004778
1004779,1004782
1004779,1004785
1004779,1004787
1004794,1004793
1004794,1004796
1004803,1004802
1004803,1004805
1004803,1004807
1004820,1004819
1004820,1004822
1004820,1004824
1004820,1004826
1004820,1004828
1004854,1004853
1004854,1004856
1004889,1004888
1004889,1004891
1004889,1004894
1004906,1004905
1004923,1004922
1004923,1004925
1005003,1005002
1005003,1005005
1005012,1005011
1005012,1005014
1005021,1005020
1005034,1005033
1005034,1005036
1005044,1005043
1005044,1005046
1005044,1005048
1005081,1005080
1005081,1005083
1005093,1005092
1005093,1005095
1005093,1005097
1005159,1005158
1005159,1005161
1005159,1005163
1005181,1005180
1005181,1005183
1005181,1005185
1005205,1005204
1005205,1005207
1005205,1005209
1005241,1005240
1005268,1005267
1005268,1005270
1005268,1005272
1005279,1005278
1005291,1005290
1005291,1005293
1005337,1005336
1005337,1005339
1005337,1005341
1005385,1005384
1005385,1005387
1005385,1005389
1005385,1005392
1005385,1005395
1005403,1005402
1005403,1005406
1005403,1005408
1005416,1005415
1005416,1005419
1005416,1005422
1005430,1005429
1005430,1005432
1005430,1005435
1005483,1005482
1005483,1005485
1005483,1005487
1005483,1005489
1005483,1005491
1005483,1005493
1005483,1005496
1005504,1005503
1005504,1005506
1005504,1005508
1005504,1005510
1005542,1005541
1005542,1005545
1005542,1005547
1005560,1005559
1005560,1005563
1005560,1005566
1005588,1005587
1005588,1005590
1005588,1005592
1005630,1005629
1005630,1005632
1005640,1005639
1005640,1005643
1005640,1005646
1005640,1005648
1005640,1005651
1005700,1005699
1005700,1005702
1005700,1005704
1005711,1005710
1005711,1005713
1005711,1005715
1005722,1005721
1005722,1005725
1005722,1005728
1005722,1005730
1005722,1005732
1005785,1005784
1005785,1005787
1005785,1005789
1005796,1005795
1005796,1005798
1005842,1005841
1005842,1005844
1005842,1005846
1005853,1005852
1005860,1005859
1005860,1005862
1005860,1005864
1005874,1005873
1005874,1005876
1005874,1005878
1005874,1005880
1005928,1005927
1005928,1005931
1005928,1005933
1005963,1005962
1005981,1005980
1005981,1005984
1005991,1005990
1005991,1005994
1005991,1005996
1005991,1005999
1005991,1006001
1006024,1006023
1006024,1006026
1006024,1006029
1006054,1006053
1006054,1006056
1006091,1006090
1006098,1006097
1006110,1006109
1006110,1006112
1006120,1006119
1006120,1006122
1006120,1006124
1006120,1006126
1006133,1006132
1006140,1006139
1006140,1006142
1006160,1006159
1006181,1006180
1006181,1006184
1006213,1006212
1006213,1006216
1006233,1006232
1006233,1006235
1006233,1006237
1006233,1006239
1006233,1006241
1006248,1006247
1006248,1006250
1006301,1006300
1006352,1006351
1006352,1006354
1006362,1006361
1006362,1006364
1006362,1006366
1006373,1006372
1006373,1006375
1006401,1006400
1006401,1006404
1006401,1006407
1006401,1006409
1006401,1006412
1006448,1006447
1006448,1006450
1006499,1006498
1006499,1006502
1006499,1006504
1006512,1006511
1006512,1006514
1006538,1006537
1006538,1006540
1006538,1006542
1006569,1006568
1006577,1006576
1006599,1006598
1006599,1006602
1006599,1006604
1006637,1006636
1006652,1006651
1006652,1006654
1006652,1006656
1006684,1006683
1006684,1006687
1006684,1006689
1006684,1006691
1006708,1006707
1006708,1006710
1006722,1006721
1006722,1006724
1006722,1006726
1006733,1006732
1006733,1006735
1006733,1006737
1006760,1006759
1006760,1006762
1006791,1006790
1006791,1006793
1006791,1006796
1006791,1006798
1006805,1006804
1006836,1006835
1006836,1006838
1006846,1006845
1006846,1006848
1006846,1006850
1006868,1006867
1006868,1006870
1006877,1006876
1006877,1006879
1006890,1006889
1006890,1006893
1006890,1006895
1006934,1006933
1006934,1006936
1006934,1006938
1006980,1006979
1006997,1006996
1007015,1007014
1007015,1007017
1007015,1007019
1007015,1007021
1007030,1007029
1007030,1007033
1007030,1007035
1007055,1007054
1007063,1007062
1007063,1007066
1007111,1007110
1007120,1007119
1007120,1007122
1007120,1007124
1007142,1007141
1007142,1007144
1007142,1007146
1007153,1007152
1007153,1007155
1007153,1007157
1007191,1007190
1007191,1007194
1007191,1007197
1007217,1007216
1007263,1007262
1007263,1007265
1007263,1007267
1007274,1007273
1007274,1007277
1007284,1007283
1007284,1007286
1007306,1007305
1007342,1007341
1007342,1007344
1007352,1007351
1007352,1007355
1007352,1007358
1007386,1007385
1007386,1007389
1007386,1007392
1007409,1007408
1007417,1007416
1007417,1007420
1007427,1007426
1007427,1007429
1007442,1007441
1007442,1007444
1007470,1007469
1007470,1007472
1007470,1007474
1007470,1007476
1007470,1007479
1007470,1007481
1007488,1007487
1007516,1007515
1007516,1007518
1007516,1007520
1007516,1007522
1007535,1007534
1007544,1007543
1007587,1007586
1007613,1007612
1007613,1007616
1007613,1007619
1007653,1007652
1007653,1007655
1007653,1007657
1007664,1007663
1007664,1007666
1007664,1007669
1007664,1007671
1007693,1007692
1007693,1007695
1007693,1007697
1007693,1007699
1007693,1007702
1007709,1007708
1007709,1007711
1007709,1007713
1007738,1007737
1007738,1007740
1007738,1007742
1007738,1007744
1007751,1007750
1007786,1007785
1007786,1007788
1007786,1007790
1007786,1007792
1007851,1007850
1007851,1007854
1007851,1007857
1007851,1007859
1007851,1007861
1007879,1007878
1007879,1007882
1007879,1007885
1007960,1007959
1007972,1007971
1007972,1007974
1007981,1007980
1007981,1007983
1008026,1008025
1008026,1008028
1008135,1008134
1008142,1008141
1008142,1008145
1008142,1008148
1008142,1008150
1008158,1008157
1008158,1008161
1008158,1008163
1008194,1008193
1008194,1008196
1008194,1008199
1008194,1008201
1008194,1008204
1008194,1008206
1008223,1008222
1008223,1008225
1008237,1008236
1008237,1008239
1008237,1008241
1008237,1008243
1008275,1008274
1008275,1008278
1008291,1008290
1008321,1008320
1008328,1008327
1008328,1008330
1008328,1008332
1008340,1008339
1008340,1008342
1008340,1008345
1008353,1008352
1008353,1008356
1008353,1008359
1008412,1008411
1008412,1008414
1008442,1008441
1008464,1008463
1008464,1008466
1008464,1008468
1008477,1008476
1008477,1008479
1008477,1008481
1008494,1008493
1008494,1008497
1008494,1008500
1008523,1008522
1008523,1008525
1008582,1008581
1008659,1008658
1008659,1008661
1008668,1008667
1008668,1008670
1008687,1008686
1008687,1008690
1008687,1008693
1008705,1008704
1008705,1008707
1008705,1008709
1008749,1008748
1008749,1008751
1008749,1008753
1008786,1008785
1008786,1008788
1008786,1008790
1008786,1008793
1008786,1008795
1008812,1008811
1008812,1008815
1008812,1008818
1008829,1008828
1008829,1008832
1008829,1008834
1008859,1008858
1008859,1008861
1008859,1008863
1008890,1008889
1008890,1008892
1008900,1008899
1008932,1008931
1008940,1008939
1008940,1008942
1008940,1008944
1008988,1008987
1008988,1008990
1008988,1008992
1008988,1008994
1009015,1009014
1009015,1009017
1009065,1009064
1009065,1009067
1009065,1009069
1009102,1009101
1009102,1009104
1009102,1009106
1009102,1009108
1009102,1009110
1009132,1009131
1009132,1009134
1009142,1009141
1009142,1009145
1009142,1009148
1009142,1009150
1009142,1009152
1009142,1009155
1009195,1009194
1009195,1009197
1009195,1009199
1009195,1009202
1009195,1009204
1009195,1009206
1009223,1009222
1009223,1009225
1009232,1009231
1009232,1009234
1009232,1009236
1009232,1009238
1009232,1009240
1009232,1009242
1009232,1009244
1009301,1009300
1009344,1009343
1009344,1009346
1009344,1009348
1009344,1009350
1009357,1009356
1009357,1009359
1009395,1009394
1009431,1009430
1009431,1009434
1009431,1009437
1009431,1009440
1009431,1009443
1009431,1009446
1009474,1009473
1009474,1009476
1009474,1009478
1009495,1009494
1009495,1009498
1009495,1009500
1009495,1009502
1009509,1009508
1009509,1009511
1009509,1009513
1009534,1009533
1009534,1009536
1009534,1009538
1009607,1009606
1009607,1009610
1009618,1009617
1009618,1009620
1009618,1009622
1009629,1009628
1009629,1009631
1009629,1009633
1009640,1009639
1009640,1009643
1009640,1009646
1009660,1009659
1009660,1009662
1009660,1009664
1009660,1009666
1009714,1009713
1009714,1009716
1009714,1009718
1009714,1009720
1009755,1009754
1009755,1009758
1009773,1009772
1009773,1009776
1009773,1009779
1009787,1009786
1009787,1009789
1009787,1009791
1009799,1009798
1009855,1009854
1009855,1009857
1009855,1009859
1009855,1009861
1009903,1009902
1009903,1009905
1009903,1009907
1009914,1009913
1009922,1009921
1009922,1009924
1009922,1009926
1009968,1009967
1010042,1010041
1010042,1010044
1010042,1010046
1010053,1010052
1010100,1010099
1010100,1010102
1010129,1010128
1010147,1010146
1010147,1010149
1010147,1010151
1010147,1010153
1010147,1010155
1010228,1010227
1010228,1010230
1010266,1010265
1010266,1010269
1010266,1010272
1010266,1010275
1010308,1010307
1010308,1010311
1010308,1010314
1010336,1010335
1010336,1010339
1010364,1010363
1010364,1010367
1010412,1010411
1010430,1010429
1010430,1010432
1010507,1010506
1010507,1010510
1010507,1010512
1010507,1010514
1010526,1010525
1010526,1010528
1010536,1010535
1010536,1010538
1010536,1010540
1010536,1010542
1010570,1010569
1010609,1010608
1010627,1010626
1010627,1010629
1010627,1010631
1010627,1010633
1010641,1010640
1010641,1010644
1010641,1010646
1010641,1010649
1010641,1010651
1010658,1010657
1010658,1010660
1010678,1010677
1010678,1010680
1010706,1010705
1010706,1010708
1010706,1010710
1010753,1010752
1010753,1010755
1010767,1010766
1010767,1010769
1010776,1010775
1010776,1010779
1010786,1010785
1010786,1010789
1010786,1010792
1010786,1010795
1010805,1010804
1010805,1010807
1010805,1010809
1010805,1010812
1010845,1010844
1010845,1010847
1010855,1010854
1010855,1010857
1010864,1010863
1010864,1010866
1010864,1010868
1010908,1010907
1010920,1010919
1010928,1010927
1010928,1010930
1010928,1010932
1010940,1010939
1010948,1010947
1011009,1011008
1011009,1011011
1011009,1011014
1011009,1011017
1011050,1011049
1011050,1011052
1011050,1011054
1011061,1011060
1011061,1011063
1011076,1011075
1011076,1011078
1011085,1011084
1011085,1011087
1011094,1011093
1011094,1011097
1011094,1011099
1011094,1011101
1011094,1011104
1011094,1011107
1011094,1011109
1011116,1011115
1011116,1011118
1011135,1011134
1011180,1011179
1011180,1011182
1011189,1011188
1011189,1011191
1011189,1011193
1011189,1011195
1011189,1011197
1011235,1011234
1011235,1011237
1011235,1011239
1011315,1011314
1011315,1011317
1011335,1011334
1011335,1011337
1011335,1011339
1011347,1011346
1011347,1011349
1011347,1011352
1011347,1011354
1011361,1011360
1011361,1011364
1011393,1011392
1011393,1011396
1011393,1011399
1011422,1011421
1011422,1011424
1011422,1011426
1011460,1011459
1011460,1011463
1011460,1011466
1011474,1011473
1011474,1011477
1011474,1011480
1011487,1011486
1011524,1011523
1011524,1011527
1011553,1011552
1011553,1011555
1011553,1011557
1011565,1011564
1011565,1011567
1011565,1011569
1011620,1011619
1011620,1011623
1011644,1011643
1011724,1011723
1011724,1011726
1011733,1011732
1011740,1011739
1011740,1011742
1011772,1011771
1011772,1011774
1011772,1011776
1011772,1011778
1011772,1011780
1011772,1011782
1011832,1011831
1011832,1011835
1011832,1011837
1011832,1011839
1011832,1011841
1011864,1011863
1011864,1011866
1011864,1011868
1011875,1011874
1011875,1011877
1011903,1011902
1011903,1011906
1011903,1011909
1011903,1011912
1011938,1011937
1011938,1011941
1011938,1011943
1011950,1011949
1011950,1011953
1011950,1011956
1011994,1011993
1012011,1012010
1012011,1012013
1012096,1012095
1012096,1012099
1012117,1012116
1012117,1012119
1012126,1012125
1012126,1012128
1012126,1012130
1012126,1012132
1012126,1012134
1012141,1012140
1012149,1012148
1012215,1012214
1012215,1012217
1012215,1012220
1012215,1012222
1012245,1012244
1012245,1012248
1012255,1012254
1012365,1012364
1012365,1012367
1012365,1012369
1012387,1012386
1012387,1012389
1012443,1012442
1012456,1012455
1012456,1012459
1012456,1012461
1012479,1012478
1012525,1012524
1012558,1012557
1012565,1012564
1012611,1012610
1012611,1012613
1012611,1012615
1012651,1012650
1012651,1012654
1012651,1012657
1012684,1012683
1012684,1012686
1012684,1012688
1012733,1012732
1012733,1012735
1012742,1012741
1012794,1012793
1012794,1012796
1012794,1012798
1012848,1012847
1012848,1012850
1012848,1012853
1012885,1012884
1012897,1012896
1012897,1012900
1012897,1012902
1012897,1012904
1012897,1012907
1012921,1012920
1012921,1012923
1012921,1012925
1013018,1013017
1013018,1013021
1013028,1013027
1013028,1013030
1013028,1013032
1013046,1013045
1013046,1013048
1013046,1013051
1013060,1013059
1013060,1013063
1013060,1013066
1013060,1013068
1013081,1013080
1013081,1013083
1013081,1013085
1013159,1013158
1013186,1013185
1013186,1013189
1013226,1013225
1013226,1013228
1013235,1013234
1013235,1013237
1013274,1013273
1013274,1013276
1013283,1013282
1013283,1013285
1013283,1013287
1013283,1013289
1013296,1013295
1013296,1013298
1013311,1013310
1013311,1013313
1013324,1013323
1013345,1013344
1013352,1013351
1013352,1013354
1013379,1013378
1013406,1013405
1013406,1013409
1013406,1013411
1013406,1013413
1013406,1013415
1013423,1013422
1013423,1013426
1013450,1013449
1013450,1013452
1013450,1013454
1013519,1013518
1013519,1013521
1013519,1013523
1013554,1013553
1013567,1013566
1013567,1013569
1013567,1013571
1013567,1013573
1013567,1013575
1013567,1013577
1013567,1013580
1013686,1013685
1013686,1013688
1013686,1013690
1013686,1013692
1013745,1013744
1013745,1013747
1013745,1013749
1013745,1013751
1013758,1013757
1013758,1013761
1013758,1013764
1013777,1013776
1013784,1013783
1013784,1013786
1013784,1013788
1013810,1013809
1013810,1013812
1013885,1013884
1013907,1013906
1013976,1013975
1013976,1013979
1013976,1013981
1013976,1013983
1013976,1013986
1013976,1013988
1013976,1013990
1014008,1014007
1014008,1014011
1014008,1014013
1014008,1014015
1014008,1014017
1014008,1014020
1014027,1014026
1014027,1014029
1014027,1014031
1014027,1014034
1014027,1014036
1014043,1014042
1014043,1014045
1014043,1014047
1014054,1014053
1014054,1014057
1014054,1014059
1014054,1014061
1014122,1014121
1014122,1014124
1014122,1014126
1014133,1014132
1014133,1014135
1014133,1014137
1014148,1014147
1014148,1014151
1014168,1014167
1014168,1014170
1014168,1014173
1014194,1014193
1014194,1014196
1014194,1014198
1014217,1014216
1014217,1014220
1014217,1014223
1014217,1014225
1014267,1014266
1014267,1014269
1014267,1014271
1014278,1014277
1014278,1014280
1014288,1014287
1014288,1014290
1014288,1014292
1014368,1014367
1014368,1014370
1014397,1014396
1014397,1014399
1014397,1014401
1014397,1014403
1014420,1014419
1014420,1014422
1014420,1014424
1014420,1014426
1014475,1014474
1014475,1014477
1014475,1014479
1014494,1014493
1014494,1014496
1014494,1014498
1014494,1014500
1014494,1014502
1014535,1014534
1014535,1014538
1014535,1014541
1014535,1014544
1014551,1014550
1014551,1014553
1014551,1014555
1014562,1014561
1014569,1014568
1014569,1014571
1014569,1014573
1014569,1014575
1014582,1014581
1014582,1014584
1014582,1014586
1014594,1014593
1014667,1014666
1014667,1014669
1014667,1014671
1014717,1014716
1014741,1014740
1014741,1014743
1014741,1014745
1014741,1014747
1014741,1014749
1014789,1014788
1014796,1014795
1014796,1014798
1014805,1014804
1014805,1014807
1014805,1014809
1014816,1014815
1014816,1014819
1014832,1014831
1014875,1014874
1014875,1014877
1014875,1014880
1014875,1014882
1014875,1014884
1014935,1014934
1014935,1014937
1014935,1014939
1014946,1014945
1014958,1014957
1014958,1014960
1014958,1014962
1014969,1014968
1014969,1014971
1014969,1014973
1015064,1015063
1015064,1015066
1015064,1015069
1015064,1015071
1015064,1015074
1015086,1015085
1015086,1015088
1015096,1015095
1015096,1015099
1015111,1015110
1015111,1015113
1015111,1015115
1015111,1015117
1015134,1015133
1015134,1015136
1015134,1015138
1015203,1015202
1015203,1015205
1015203,1015207
1015214,1015213
1015272,1015271
1015272,1015274
1015322,1015321
1015322,1015324
1015322,1015326
1015333,1015332
1015333,1015335
1015376,1015375
1015376,1015378
1015376,1015380
1015376,1015382
1015389,1015388
1015389,1015391
1015389,1015393
1015389,1015395
1015455,1015454
1015455,1015457
1015455,1015459
1015471,1015470
1015471,1015473
1015485,1015484
1015506,1015505
1015506,1015508
1015577,1015576
1015577,1015579
1015577,1015581
1015611,1015610
1015611,1015613
1015611,1015616
1015611,1015619
1015611,1015621
1015643,1015642
1015643,1015646
1015643,1015649
1015643,1015652
1015643,1015654
1015731,1015730
1015731,1015734
1015731,1015737
1015754,1015753
1015754,1015756
1015754,1015758
1015754,1015760
1015782,1015781
1015782,1015784
1015782,1015786
1015782,1015789
1015814,1015813
1015814,1015816
1015814,1015819
1015870,1015869
1015870,1015872
1015884,1015883
1015884,1015886
1015884,1015888
1015896,1015895
1015896,1015899
1015896,1015902
1015909,1015908
1015951,1015950
1015951,1015953
1015951,1015955
1015989,1015988
1015989,1015991
1015989,1015993
1015989,1015995
1016002,1016001
1016002,1016004
1016002,1016006
1016028,1016027
1016120,1016119
1016120,1016122
1016174,1016173
1016174,1016176
1016174,1016178
1016174,1016180
1016199,1016198
1016199,1016201
1016199,1016203
1016235,1016234
1016235,1016237
1016235,1016239
1016247,1016246
1016247,1016249
1016247,1016252
1016247,1016254
1016266,1016265
1016266,1016268
1016266,1016270
1016266,1016272
1016285,1016284
1016285,1016287
1016309,1016308
1016309,1016311
1016341,1016340
1016341,1016343
1016341,1016345
1016341,1016347
1016384,1016383
1016384,1016386
1016384,1016388
1016410,1016409
1016410,1016412
1016420,1016419
1016420,1016422
1016450,1016449
1016536,1016535
1016536,1016539
1016536,1016541
1016536,1016543
1016565,1016564
1016593,1016592
1016600,1016599
1016608,1016607
1016608,1016610
1016644,1016643
1016644,1016646
1016658,1016657
1016665,1016664
1016665,1016667
1016665,1016669
1016696,1016695
1016696,1016698
1016696,1016700
1016727,1016726
1016727,1016729
1016727,1016731
1016767,1016766
1016767,1016769
1016767,1016771
1016783,1016782
1016783,1016785
1016802,1016801
1016802,1016804
1016802,1016806
1016849,1016848
1016849,1016851
1016849,1016853
1016849,1016855
1016849,1016857
1016899,1016898
1016899,1016901
1016920,1016919
1016920,1016922
1016920,1016925
1016920,1016927
1016934,1016933
1016941,1016940
1016941,1016943
1016941,1016945
1016941,1016947
1016941,1016949
1016941,1016951
1016941,1016954
1016976,1016975
1016976,1016979
1016976,1016981
1016976,1016983
1016976,1016985
1016976,1016987
1016976,1016990
1017013,1017012
1017013,1017015
1017013,1017017
1017013,1017019
1017026,1017025
1017026,1017028
1017056,1017055
1017056,1017059
1017056,1017061
1017056,1017063
1017085,1017084
1017107,1017106
1017107,1017109
1017107,1017111
1017151,1017150
1017151,1017153
1017229,1017228
1017229,1017231
1017229,1017233
1017229,1017235
1017229,1017237
1017245,1017244
1017245,1017247
1017245,1017249
1017245,1017251
1017277,1017276
1017277,1017279
1017277,1017281
1017277,1017283
1017290,1017289
1017323,1017322
1017394,1017393
1017394,1017396
1017406,1017405
1017406,1017409
1017406,1017411
1017454,1017453
1017454,1017456
1017454,1017459
1017454,1017461
1017454,1017463
1017475,1017474
1017488,1017487
1017488,1017490
1017488,1017493
1017488,1017496
1017521,1017520
1017521,1017524
1017531,1017530
1017531,1017533
1017561,1017560
1017561,1017563
1017561,1017565
1017561,1017567
1017600,1017599
1017600,1017602
1017600,1017604
1017617,1017616
1017617,1017620
1017617,1017622
1017617,1017625
1017617,1017627
1017634,1017633
1017634,1017636
1017644,1017643
1017667,1017666
1017667,1017669
1017667,1017672
1017697,1017696
1017697,1017699
1017706,1017705
1017706,1017708
1017736,1017735
1017736,1017738
1017736,1017740
1017753,1017752
1017753,1017756
1017768,1017767
1017812,1017811
1017812,1017814
1017812,1017816
1017863,1017862
1017863,1017865
1017863,1017867
1017874,1017873
1017874,1017876
1017874,1017878
1017885,1017884
1017901,1017900
1017901,1017903
1017973,1017972
1017990,1017989
1017998,1017997
1018046,1018045
1018055,1018054
1018055,1018057
1018055,1018060
1018055,1018062
1018055,1018064
1018096,1018095
1018096,1018098
1018110,1018109
1018110,1018112
1018159,1018158
1018159,1018161
1018159,1018164
1018159,1018166
1018159,1018169
1018257,1018256
1018257,1018259
1018257,1018261
1018269,1018268
1018269,1018271
1018269,1018273
1018290,1018289
1018290,1018292
1018290,1018294
1018314,1018313
1018314,1018316
1018314,1018318
1018345,1018344
1018345,1018347
1018370,1018369
1018370,1018372
1018370,1018374
1018381,1018380
1018381,1018384
1018381,1018386
1018381,1018388
1018381,1018390
1018413,1018412
1018433,1018432
1018433,1018435
1018433,1018437
1018433,1018439
1018433,1018441
1018494,1018493
1018494,1018497
1018494,1018499
1018507,1018506
1018507,1018509
1018507,1018511
1018507,1018513
1018566,1018565
1018590,1018589
1018634,1018633
1018634,1018636
1018634,1018638
1018650,1018649
1018650,1018652
1018650,1018654
1018661,1018660
1018661,1018663
1018661,1018666
1018751,1018750
1018751,1018754
1018766,1018765
1018766,1018768
1018785,1018784
1018785,1018788
1018811,1018810
1018811,1018814
1018811,1018816
1018811,1018818
1018833,1018832
1018833,1018835
1018921,1018920
1018921,1018923
1018921,1018925
1018941,1018940
1018941,1018943
1018967,1018966
1019007,1019006
1019007,1019009
1019016,1019015
1019016,1019018
1019016,1019020
1019028,1019027
1019028,1019030
1019028,1019032
1019088,1019087
1019088,1019090
1019127,1019126
1019127,1019129
1019175,1019174
1019175,1019177
1019175,1019179
1019234,1019233
1019234,1019236
1019234,1019238
1019234,1019240
1019249,1019248
1019249,1019251
1019249,1019253
1019271,1019270
1019271,1019274
1019271,1019276
1019283,1019282
1019283,1019285
1019283,1019287
1019296,1019295
1019296,1019299
1019296,1019301
1019296,1019303
1019296,1019305
1019326,1019325
1019326,1019328
1019326,1019330
1019393,1019392
1019415,1019414
1019422,1019421
1019422,1019424
1019431,1019430
1019447,1019446
1019475,1019474
1019475,1019477
1019475,1019479
1019475,1019481
1019493,1019492
1019493,1019495
1019493,1019497
1019541,1019540
1019541,1019543
1019541,1019545
1019541,1019547
1019541,1019549
1019566,1019565
1019566,1019568
1019566,1019570
1019645,1019644
1019645,1019647
1019645,1019649
1019645,1019651
1019658,1019657
1019658,1019660
1019677,1019676
1019677,1019679
1019677,1019682
1019677,1019684
1019677,1019686
1019677,1019689
1019677,1019691
1019677,1019693
1019677,1019695
1019702,1019701
1019702,1019705
1019702,1019707
1019723,1019722
1019750,1019749
1019750,1019752
1019750,1019754
1019770,1019769
1019770,1019773
1019770,1019776
1019770,1019778
1019822,1019821
1019822,1019824
1019822,1019826
1019839,1019838
1019839,1019841
1019839,1019843
1019850,1019849
1019850,1019852
1019850,1019854
1019900,1019899
1019942,1019941
1019942,1019944
1019952,1019951
1019952,1019955
1019952,1019958
1019952,1019961
1019969,1019968
1019977,1019976
1019977,1019980
1020019,1020018
1020019,1020021
1020019,1020023
1020031,1020030
1020031,1020033
1020031,1020035
1020031,1020038
1020031,1020040
1020031,1020043
1020115,1020114
1020115,1020117
1020115,1020119
1020115,1020121
1020204,1020203
1020204,1020206
1020204,1020208
1020204,1020210
1020222,1020221
1020274,1020273
1020274,1020276
1020274,1020278
1020318,1020317
1020318,1020320
1020333,1020332
1020333,1020336
1020333,1020338
1020345,1020344
1020345,1020347
1020345,1020349
1020378,1020377
1020378,1020381
1020378,1020384
1020443,1020442
1020456,1020455
1020456,1020459
1020456,1020461
1020456,1020463
1020456,1020465
1020456,1020467
1020456,1020469
1020484,1020483
1020484,1020486
1020484,1020488
1020495,1020494
1020495,1020497
1020495,1020499
1020551,1020550
1020551,1020553
1020582,1020581
1020582,1020584
1020582,1020586
1020582,1020588
1020600,1020599
1020612,1020611
1020619,1020618
1020627,1020626
1020697,1020696
1020697,1020699
1020697,1020702
1020709,1020708
1020709,1020711
1020709,1020713
1020709,1020715
1020723,1020722
1020723,1020725
1020738,1020737
1020781,1020780
1020788,1020787
1020815,1020814
1020815,1020817
1020829,1020828
1020829,1020831
1020829,1020833
1020845,1020844
1020845,1020847
1020878,1020877
1020878,1020880
1020878,1020882
1020908,1020907
1020908,1020911
1020939,1020938
1020939,1020941
1020939,1020943
1020965,1020964
1020965,1020967
1020975,1020974
1020975,1020977
1020975,1020980
1020975,1020983
1020990,1020989
1021062,1021061
1021062,1021064
1021062,1021066
1021062,1021068
1021062,1021070
1021062,1021072
1021062,1021074
1021101,1021100
1021110,1021109
1021110,1021113
1021110,1021116
1021110,1021118
1021110,1021120
1021132,1021131
1021132,1021134
1021132,1021136
1021205,1021204
1021205,1021207
1021243,1021242
1021243,1021245
1021312,1021311
1021312,1021314
1021312,1021316
1021312,1021318
1021341,1021340
1021341,1021343
1021350,1021349
1021350,1021352
1021350,1021354
1021361,1021360
1021416,1021415
1021416,1021418
1021416,1021420
1021416,1021422
1021429,1021428
1021429,1021431
1021429,1021433
1021429,1021436
1021504,1021503
1021504,1021506
1021504,1021508
1021504,1021510
1021504,1021512
1021519,1021518
1021519,1021521
1021519,1021523
1021519,1021525
1021558,1021557
1021558,1021561
1021558,1021563
1021573,1021572
1021573,1021575
1021573,1021577
1021573,1021579
1021596,1021595
1021596,1021598
1021605,1021604
1021605,1021607
1021676,1021675
1021676,1021678
1021676,1021680
1021692,1021691
1021704,1021703
1021720,1021719
1021720,1021722
1021720,1021724
1021720,1021726
1021720,1021728
1021756,1021755
1021756,1021758
1021811,1021810
1021811,1021813
1021811,1021815
1021811,1021817
1021824,1021823
1021824,1021826
1021824,1021828
1021873,1021872
1021915,1021914
1021915,1021917
1021915,1021919
1021926,1021925
1021926,1021928
1021935,1021934
1021935,1021938
1021965,1021964
1021965,1021967
1021965,1021969
1021965,1021971
1021965,1021973
1022000,1021999
1022042,1022041
1022042,1022044
1022159,1022158
1022159,1022162
1022171,1022170
1022171,1022173
1022224,1022223
1022224,1022226
1022224,1022228
1022224,1022230
1022224,1022232
1022269,1022268
1022269,1022271
1022293,1022292
1022293,1022295
1022293,1022297
1022293,1022299
1022306,1022305
1022306,1022308
1022348,1022347
1022348,1022350
1022383,1022382
1022383,1022385
1022383,1022387
1022415,1022414
1022415,1022417
1022415,1022419
1022449,1022448
1022449,1022451
1022449,1022453
1022522,1022521
1022522,1022524
1022522,1022526
1022533,1022532
1022533,1022535
1022575,1022574
1022575,1022577
1022575,1022579
1022629,1022628
1022629,1022631
1022629,1022633
1022629,1022635
1022629,1022637
1022651,1022650
1022651,1022653
1022651,1022655
1022672,1022671
1022672,1022675
1022672,1022677
1022672,1022679
1022722,1022721
1022722,1022724
1022722,1022727
1022722,1022730
1022758,1022757
1022758,1022760
1022758,1022762
1022758,1022764
1022783,1022782
1022783,1022785
1022783,1022787
1022783,1022789
1022816,1022815
1022816,1022818
1022816,1022821
1022866,1022865
1022866,1022868
1022866,1022870
1022879,1022878
1022879,1022881
1022879,1022883
1022879,1022885
1022986,1022985
1022986,1022988
1022986,1022990
1022986,1022992
1023019,1023018
1023019,1023021
1023028,1023027
1023028,1023030
1023028,1023032
1023028,1023034
1023046,1023045
1023046,1023048
1023046,1023050
1023057,1023056
1023057,1023059
1023057,1023061
1023057,1023063
1023070,1023069
1023070,1023072
1023095,1023094
1023095,1023098
1023095,1023101
1023095,1023104
1023095,1023106
1023135,1023134
1023135,1023137
1023135,1023139
1023167,1023166
1023189,1023188
1023189,1023191
1023203,1023202
1023220,1023219
1023220,1023223
1023249,1023248
1023249,1023251
1023258,1023257
1023258,1023260
1023258,1023262
1023314,1023313
1023314,1023316
1023314,1023318
1023325,1023324
1023325,1023327
1023325,1023329
1023325,1023331
1023362,1023361
1023362,1023364
1023371,1023370
1023371,1023374
1023403,1023402
1023403,1023405
1023403,1023407
1023414,1023413
1023414,1023416
1023414,1023418
1023414,1023420
1023414,1023422
1023414,1023424
1023441,1023440
1023441,1023444
1023441,1023447
1023441,1023449
1023456,1023455
1023456,1023458
1023456,1023460
1023508,1023507
1023508,1023511
1023518,1023517
1023518,1023520
1023518,1023522
1023578,1023577
1023578,1023580
1023578,1023582
1023578,1023584
1023693,1023692
1023693,1023695
1023709,1023708
1023709,1023711
1023709,1023713
1023730,1023729
1023730,1023733
1023730,1023735
1023781,1023780
1023781,1023783
1023781,1023785
1023781,1023787
1023819,1023818
1023819,1023822
1023819,1023824
1023819,1023827
1023870,1023869
1023870,1023872
1023870,1023875
1023870,1023878
1023908,1023907
1023908,1023910
1023933,1023932
1023933,1023935
1023933,1023938
1023933,1023940
1023933,1023942
1023933,1023944
1023951,1023950
1023951,1023953
1023951,1023955
1024001,1024000
1024071,1024070
1024071,1024073
1024071,1024076
1024071,1024078
1024093,1024092
1024093,1024096
1024093,1024099
1024093,1024101
1024131,1024130
1024131,1024133
1024162,1024161
1024162,1024164
1024162,1024166
1024201,1024200
1024201,1024203
1024201,1024205
1024201,1024207
1024215,1024214
1024215,1024217
1024215,1024219
1024248,1024247
1024248,1024250
1024262,1024261
1024262,1024264
1024262,1024266
1024262,1024268
1024262,1024270
1024293,1024292
1024293,1024295
1024293,1024297
1024293,1024299
1024293,1024301
1024341,1024340
1024341,1024343
1024341,1024345
1024373,1024372
1024373,1024375
1024373,1024377
1024373,1024379
1024386,1024385
1024386,1024388
1024386,1024390
1024423,1024422
1024423,1024425
1024423,1024427
1024423,1024429
1024423,1024431
1024574,1024573
1024574,1024576
1024583,1024582
1024583,1024585
1024583,1024587
1024583,1024589
1024611,1024610
1024611,1024613
1024700,1024699
1024707,1024706
1024707,1024709
1024716,1024715
1024716,1024718
1024716,1024720
1024716,1024722
1024773,1024772
1024773,1024775
1024773,1024777
1024815,1024814
1024815,1024817
1024815,1024819
1024815,1024821
1024815,1024823
1024830,1024829
1024830,1024832
1024830,1024834
1024830,1024836
1024850,1024849
1024850,1024852
1024850,1024854
1024866,1024865
1024866,1024868
1024866,1024870
1024913,1024912
1024913,1024915
1024913,1024917
1024913,1024919
1024959,1024958
1024959,1024961
1025013,1025012
1025013,1025015
1025065,1025064
1025079,1025078
1025079,1025081
1025079,1025083
1025079,1025085
1025092,1025091
1025092,1025094
1025101,1025100
1025101,1025104
1025101,1025106
1025101,1025108
1025115,1025114
1025115,1025117
1025126,1025125
1025126,1025128
1025159,1025158
1025159,1025161
1025159,1025163
1025186,1025185
1025186,1025188
1025195,1025194
1025195,1025197
1025195,1025199
1025195,1025201
1025233,1025232
1025233,1025235
1025262,1025261
1025262,1025264
1025271,1025270
1025271,1025273
1025271,1025275
1025271,1025277
1025271,1025280
1025296,1025295
1025296,1025298
1025306,1025305
1025306,1025308
1025306,1025310
1025318,1025317
1025318,1025320
1025318,1025322
1025352,1025351
1025359,1025358
1025398,1025397
1025398,1025400
1025398,1025402
1025414,1025413
1025414,1025416
1025414,1025418
1025414,1025420
1025414,1025422
1025414,1025424
1025414,1025426
1025464,1025463
1025488,1025487
1025488,1025490
1025488,1025492
1025499,1025498
1025499,1025501
1025561,1025560
1025561,1025563
1025561,1025565
1025614,1025613
1025614,1025617
1025614,1025619
1025614,1025621
1025630,1025629
1025630,1025632
1025680,1025679
1025687,1025686
1025687,1025689
1025698,1025697
1025698,1025700
1025738,1025737
1025738,1025740
1025801,1025800
1025801,1025803
1025801,1025805
1025801,1025807
1025835,1025834
1025853,1025852
1025853,1025855
1025853,1025857
1025887,1025886
1025896,1025895
1025896,1025898
1025896,1025900
1025896,1025902
1025896,1025904
1025896,1025906
1025914,1025913
1025914,1025916
1025914,1025918
1025926,1025925
1025926,1025928
1025962,1025961
1025962,1025964
1025972,1025971
1025972,1025975
1025972,1025977
1025972,1025979
1025992,1025991
1026020,1026019
1026020,1026023
1026078,1026077
1026078,1026080
1026078,1026082
1026100,1026099
1026196,1026195
1026208,1026207
1026225,1026224
1026225,1026227
1026243,1026242
1026250,1026249
1026282,1026281
1026282,1026284
1026316,1026315
1026316,1026318
1026340,1026339
1026340,1026342
1026340,1026344
1026352,1026351
1026352,1026354
1026352,1026356
1026352,1026358
1026352,1026360
1026404,1026403
1026404,1026406
1026404,1026408
1026455,1026454
1026455,1026457
1026455,1026459
1026471,1026470
1026471,1026474
1026471,1026477
1026512,1026511
1026536,1026535
1026616,1026615
1026616,1026618
1026653,1026652
1026653,1026656
1026663,1026662
1026696,1026695
1026696,1026698
1026696,1026700
1026696,1026702
1026715,1026714
1026715,1026717
1026765,1026764
1026765,1026768
1026765,1026770
1026765,1026772
1026765,1026774
1026765,1026776
1026765,1026778
1026802,1026801
1026802,1026804
1026802,1026806
1026802,1026808
1026802,1026810
1026802,1026812
1026820,1026819
1026820,1026822
1026820,1026824
1026820,1026826
1026820,1026828
1026820,1026830
1026878,1026877
1026878,1026880
1026878,1026882
1026878,1026884
1026892,1026891
1026892,1026895
1026892,1026897
1026892,1026899
1026892,1026902
1026892,1026904
1026892,1026907
1026929,1026928
1026929,1026931
1026929,1026934
1027007,1027006
1027007,1027009
1027007,1027012
1027007,1027014
1027021,1027020
1027029,1027028
1027029,1027031
1027029,1027033
1027029,1027035
1027029,1027037
1027045,1027044
1027045,1027047
1027056,1027055
1027056,1027058
1027056,1027060
1027067,1027066
1027067,1027069
1027067,1027071
1027128,1027127
1027128,1027130
1027128,1027133
1027128,1027135
1027147,1027146
1027147,1027149
1027179,1027178
1027179,1027181
1027179,1027183
1027179,1027185
1027202,1027201
1027202,1027204
1027252,1027251
1027252,1027254
1027252,1027256
1027252,1027258
1027296,1027295
1027306,1027305
1027306,1027309
1027306,1027312
1027320,1027319
1027320,1027322
1027334,1027333
1027334,1027336
1027334,1027338
1027345,1027344
1027345,1027348
1027345,1027350
1027393,1027392
1027401,1027400
1027401,1027404
1027401,1027407
1027401,1027409
1027471,1027470
1027471,1027473
1027471,1027475
1027482,1027481
1027494,1027493
1027494,1027496
1027494,1027498
1027534,1027533
1027534,1027536
1027574,1027573
1027591,1027590
1027591,1027593
1027622,1027621
1027622,1027624
1027622,1027626
1027655,1027654
1027686,1027685
1027686,1027688
1027686,1027690
1027698,1027697
1027698,1027700
1027698,1027703
1027730,1027729
1027730,1027732
1027730,1027734
1027730,1027736
1027730,1027738
1027752,1027751
1027752,1027754
1027752,1027756
1027752,1027758
1027766,1027765
1027766,1027768
1027766,1027770
1027803,1027802
1027803,1027805
1027813,1027812
1027813,1027816
1027846,1027845
1027854,1027853
1027854,1027856
1027879,1027878
1027879,1027881
1027888,1027887
1027888,1027890
1027924,1027923
1027924,1027926
1027924,1027928
1027924,1027930
1027940,1027939
1027940,1027942
1027995,1027994
1027995,1027997
1027995,1027999
1027995,1028001
1028019,1028018
1028048,1028047
1028048,1028050
1028093,1028092
1028093,1028095
1028093,1028097
1028111,1028110
1028111,1028113
1028111,1028115
1028111,1028117
1028150,1028149
1028150,1028153
1028150,1028155
1028162,1028161
1028162,1028164
1028230,1028229
1028230,1028232
1028249,1028248
1028297,1028296
1028297,1028299
1028326,1028325
1028326,1028328
1028326,1028330
1028337,1028336
1028344,1028343
1028344,1028346
1028344,1028348
1028344,1028350
1028367,1028366
1028367,1028369
1028377,1028376
1028415,1028414
1028415,1028417
1028415,1028419
1028426,1028425
1028426,1028428
1028479,1028478
1028479,1028481
1028479,1028483
1028490,1028489
1028490,1028492
1028499,1028498
1028538,1028537
1028538,1028540
1028538,1028542
1028585,1028584
1028585,1028587
1028585,1028589
1028611,1028610
1028611,1028613
1028611,1028615
1028611,1028617
1028690,1028689
1028690,1028692
1028690,1028694
1028721,1028720
1028721,1028723
1028730,1028729
1028730,1028732
1028755,1028754
1028755,1028758
1028755,1028760
1028755,1028762
1028779,1028778
1028779,1028781
1028779,1028783
1028779,1028785
1028793,1028792
1028793,1028796
1028793,1028799
1028793,1028801
1028808,1028807
1028808,1028810
1028808,1028812
1028843,1028842
1028902,1028901
1028902,1028904
1028902,1028906
1028939,1028938
1028939,1028941
1028939,1028943
1028955,1028954
1028955,1028957
1028955,1028959
1028966,1028965
1028966,1028968
1028976,1028975
1028976,1028978
1028976,1028980
1028987,1028986
1028987,1028990
1029010,1029009
1029010,1029013
1029010,1029015
1029010,1029017
1029010,1029020
1029010,1029022
1029035,1029034
1029035,1029038
1029035,1029040
1029035,1029042
1029035,1029045
1029035,1029047
1029035,1029049
1029035,1029051
1029075,1029074
1029075,1029077
1029075,1029079
1029086,1029085
1029086,1029088
1029122,1029121
1029122,1029124
1029122,1029126
1029122,1029128
1029122,1029130
1029148,1029147
1029148,1029150
1029148,1029152
1029159,1029158
1029159,1029161
1029159,1029164
1029159,1029166
1029173,1029172
1029173,1029176
1029236,1029235
1029258,1029257
1029258,1029260
1029281,1029280
1029281,1029283
1029281,1029285
1029281,1029287
1029315,1029314
1029315,1029317
1029350,1029349
1029350,1029352
1029350,1029354
1029361,1029360
1029361,1029364
1029361,1029367
1029379,1029378
1029379,1029381
1029379,1029383
1029400,1029399
1029400,1029402
1029400,1029404
1029400,1029406
1029426,1029425
1029426,1029429
1029426,1029431
1029426,1029434
1029471,1029470
1029471,1029473
1029471,1029475
1029487,1029486
1029487,1029489
1029487,1029491
1029515,1029514
1029515,1029517
1029539,1029538
1029546,1029545
1029546,1029548
1029582,1029581
1029582,1029584
1029582,1029587
1029582,1029589
1029629,1029628
1029629,1029631
1029629,1029633
1029629,1029635
1029629,1029637
1029629,1029639
1029653,1029652
1029653,1029655
1029653,1029657
1029653,1029659
1029666,1029665
1029673,1029672
1029761,1029760
1029761,1029763
1029761,1029765
1029773,1029772
1029773,1029775
1029773,1029777
1029789,1029788
1029789,1029791
1029808,1029807
1029808,1029811
1029808,1029813
1029808,1029815
1029822,1029821
1029822,1029824
1029845,1029844
1029845,1029847
1029845,1029849
1029845,1029851
1029895,1029894
1029908,1029907
1029908,1029910
1029908,1029912
1029919,1029918
1029919,1029921
1029919,1029923
1029935,1029934
1029935,1029937
1029935,1029939
1029980,1029979
1029980,1029982
1029980,1029984
1030034,1030033
1030034,1030036
1030085,1030084
1030085,1030087
1030094,1030093
1030118,1030117
1030118,1030121
1030128,1030127
1030136,1030135
1030136,1030138
1030136,1030140
1030254,1030253
1030266,1030265
1030266,1030268
1030266,1030270
1030295,1030294
1030295,1030297
1030295,1030300
1030295,1030302
1030295,1030304
1030377,1030376
1030377,1030379
1030396,1030395
1030458,1030457
1030458,1030460
1030458,1030462
1030469,1030468
1030469,1030471
1030514,1030513
1030514,1030517
1030574,1030573
1030592,1030591
1030592,1030594
1030606,1030605
1030606,1030608
1030615,1030614
1030615,1030617
1030615,1030619
1030656,1030655
1030709,1030708
1030709,1030711
1030709,1030713
1030720,1030719
1030720,1030722
1030730,1030729
1030730,1030732
1030730,1030734
1030782,1030781
1030782,1030784
1030782,1030786
1030782,1030788
1030800,1030799
1030800,1030802
1030800,1030804
1030862,1030861
1030862,1030864
1030871,1030870
1030900,1030899
1030900,1030902
1030900,1030904
1030900,1030906
1030900,1030908
1030966,1030965
1030966,1030968
1030966,1030970
1030986,1030985
1030986,1030988
1031013,1031012
1031013,1031015
1031048,1031047
1031048,1031050
1031057,1031056
1031057,1031060
1031082,1031081
1031082,1031084
1031082,1031086
1031124,1031123
1031151,1031150
1031163,1031162
1031163,1031165
1031172,1031171
1031172,1031174
1031172,1031176
1031185,1031184
1031185,1031188
1031185,1031191
1031185,1031193
1031200,1031199
1031200,1031202
1031200,1031204
1031211,1031210
1031211,1031213
1031256,1031255
1031291,1031290
1031291,1031293
1031301,1031300
1031301,1031303
1031325,1031324
1031325,1031327
1031371,1031370
1031371,1031373
1031371,1031375
1031371,1031377
1031371,1031379
1031425,1031424
1031425,1031427
1031425,1031429
1031446,1031445
1031446,1031448
1031446,1031450
1031475,1031474
1031475,1031477
1031475,1031479
1031475,1031481
1031523,1031522
1031523,1031525
1031523,1031527
1031523,1031529
1031536,1031535
1031584,1031583
1031584,1031586
1031584,1031588
1031584,1031590
1031602,1031601
1031602,1031604
1031602,1031606
1031624,1031623
1031624,1031627
1031651,1031650
1031678,1031677
1031685,1031684
1031685,1031687
1031685,1031689
1031706,1031705
1031713,1031712
1031713,1031715
1031722,1031721
1031738,1031737
1031771,1031770
1031816,1031815
1031816,1031818
1031816,1031820
1031816,1031822
1031816,1031824
1031837,1031836
1031837,1031839
1031837,1031841
1031837,1031843
1031837,1031845
1031852,1031851
1031852,1031854
