protein,keywords
1000028,1000011
1000028,1000012
1000028,1000013
1000028,1000014
1000028,1000015
1000028,1000016
1000091,1000012
1000091,1000015
1000091,1000086
1000091,1000087
1000110,1000011
1000110,1000100
1000110,1000101
1000110,1000102
1000139,1000102
1000139,1000132
1000139,1000133
1000139,1000134
1000139,1000135
1000150,1000012
1000150,1000015
1000150,1000087
1000150,1000145
1000150,1000146
1000164,1000102
1000164,1000132
1000164,1000133
1000164,1000155
1000164,1000156
1000164,1000157
1000164,1000158
1000206,1000135
1000206,1000155
1000206,1000190
1000206,1000191
1000206,1000192
1000206,1000193
1000206,1000194
1000206,1000195
1000206,1000196
1000230,1000012
1000230,1000015
1000230,1000155
1000230,1000190
1000230,1000224
1000230,1000225
1000230,1000226
1000240,1000235
1000240,1000236
1000249,1000016
1000249,1000087
1000249,1000245
1000265,1000016
1000265,1000087
1000265,1000260
1000265,1000261
1000277,1000012
1000277,1000015
1000277,1000087
1000277,1000145
1000277,1000146
1000288,1000016
1000298,1000235
1000298,1000236
1000298,1000291
1000298,1000292
1000298,1000293
1000314,1000011
1000314,1000308
1000314,1000309
1000314,1000310
1000381,1000235
1000381,1000236
1000399,1000011
1000399,1000087
1000399,1000392
1000399,1000393
1000399,1000394
1000433,1000195
1000433,1000426
1000433,1000427
1000445,1000011
1000445,1000135
1000445,1000191
1000445,1000196
1000445,1000308
1000445,1000439
1000445,1000440
1000445,1000441
1000497,1000013
1000497,1000489
1000497,1000490
1000497,1000491
1000497,1000492
1000497,1000493
1000515,1000191
1000515,1000196
1000515,1000308
1000515,1000439
1000515,1000441
1000515,1000510
1000515,1000511
1000535,1000235
1000535,1000236
1000535,1000393
1000535,1000529
1000535,1000530
1000551,1000012
1000551,1000014
1000551,1000015
1000551,1000016
1000551,1000155
1000551,1000193
1000551,1000195
1000551,1000543
1000551,1000544
1000551,1000545
1000551,1000546
1000566,1000560
1000566,1000561
1000566,1000562
1000579,1000015
1000579,1000574
1000579,1000575
1000588,1000135
1000588,1000195
1000588,1000441
1000603,1000102
1000603,1000156
1000615,1000196
1000615,1000610
1000615,1000611
1000626,1000235
1000626,1000236
1000635,1000016
1000635,1000631
1000646,1000012
1000646,1000014
1000646,1000015
1000646,1000016
1000646,1000087
1000646,1000545
1000646,1000546
1000666,1000012
1000666,1000014
1000666,1000015
1000666,1000016
1000666,1000195
1000666,1000543
1000666,1000546
1000666,1000661
1000666,1000662
1000680,1000135
1000680,1000195
1000680,1000196
1000680,1000441
1000692,1000561
1000692,1000688
1000704,1000012
1000704,1000014
1000704,1000015
1000704,1000016
1000704,1000193
1000704,1000195
1000704,1000543
1000704,1000544
1000704,1000546
1000726,1000011
1000726,1000155
1000726,1000293
1000726,1000394
1000726,1000718
1000726,1000719
1000726,1000720
1000726,1000721
1000726,1000722
1000776,1000087
1000776,1000543
1000784,1000135
1000784,1000155
1000784,1000190
1000784,1000195
1000784,1000196
1000798,1000013
1000798,1000611
1000798,1000794
1000812,1000155
1000812,1000158
1000812,1000191
1000812,1000196
1000830,1000087
1000830,1000101
1000830,1000394
1000830,1000718
1000830,1000719
1000830,1000826
1000842,1000013
1000842,1000087
1000842,1000393
1000842,1000611
1000842,1000838
1000862,1000135
1000862,1000194
1000862,1000195
1000872,1000087
1000872,1000101
1000872,1000394
1000872,1000718
1000872,1000719
1000872,1000826
1000884,1000195
1000884,1000880
1000896,1000016
1000896,1000393
1000896,1000529
1000896,1000530
1000896,1000560
1000896,1000562
1000896,1000890
1000896,1000891
1000896,1000892
1000911,1000195
1000911,1000543
1000911,1000907
1000926,1000191
1000926,1000196
1000926,1000308
1000926,1000439
1000926,1000440
1000926,1000511
1000926,1000920
1000926,1000921
1000926,1000922
1000952,1000308
1000952,1000393
1000952,1000838
1000968,1000012
1000968,1000014
1000968,1000015
1000968,1000016
1000968,1000546
1000978,1000012
1000978,1000015
1000978,1000195
1000978,1000974
1000991,1000012
1000991,1000014
1000991,1000015
1000991,1000016
1000991,1000193
1000991,1000195
1000991,1000543
1000991,1000544
1000991,1000545
1000991,1000546
1000991,1000661
1000991,1000662
1001004,1000561
1001004,1000890
1001004,1000999
1001018,1000012
1001018,1000015
1001018,1000102
1001018,1000308
1001018,1001013
1001018,1001014
1001091,1000393
1001091,1000529
1001091,1000530
1001186,1000236
1001260,1000012
1001260,1000014
1001260,1000015
1001260,1000016
1001260,1000546
1001285,1001282
1001289,1000014
1001311,1000012
1001311,1000308
1001311,1001308
1001320,1000102
1001320,1000155
1001320,1000158
1001320,1000195
1001324,1000308
1001371,1000012
1001371,1000015
1001371,1000086
1001386,1000235
1001386,1001383
1001416,1001413
1001454,1000561
1001454,1000999
1001454,1001438
1001454,1001439
1001549,1000235
1001549,1000236
1001556,1000012
1001556,1000015
1001556,1001413
1001556,1001552
1001556,1001553
1001560,1000012
1001560,1000308
1001560,1001308
1001639,1000611
1001639,1001618
1001679,1000012
1001679,1000015
1001707,1000016
1001707,1001704
1001765,1000308
1001776,1001773
1001786,1000012
1001786,1000015
1001786,1000158
1001786,1000308
1001786,1000545
1001808,1000016
1001821,1000012
1001821,1000015
1001868,1000014
1001891,1000101
1001891,1000394
1001891,1000718
1001891,1000719
1001935,1000235
1001935,1000236
1001946,1000195
1001946,1001942
1001968,1000195
1001968,1001965
1001973,1000012
1001973,1000014
1001973,1000015
1001973,1000016
1001973,1000546
1002011,1000012
1002011,1000015
1002062,1000015
1002062,1000574
1002062,1002059
1002082,1000012
1002082,1000013
1002082,1000014
1002082,1000015
1002082,1000016
1002086,1000016
1002086,1000245
1002162,1001553
1002162,1002158
1002162,1002159
1002171,1000015
1002171,1000574
1002208,1002205
1002242,1000195
1002242,1000308
1002242,1000427
1002306,1000016
1002306,1000610
1002329,1000012
1002329,1000015
1002329,1000158
1002329,1000308
1002329,1000545
1002336,1000195
1002336,1000427
1002353,1001618
1002362,1000393
1002362,1000529
1002362,1000530
1002418,1002402
1002438,1000308
1002471,1000014
1002471,1000015
1002476,1002473
1002516,1001942
1002524,1000014
1002524,1000016
1002540,1000235
1002540,1000236
1002605,1000016
1002621,1000012
1002621,1000015
1002621,1000086
1002631,1000235
1002631,1000236
1002640,1000012
1002640,1000015
1002640,1000086
1002666,1000016
1002693,1000195
1002704,1001413
1002704,1002701
1002805,1002792
1002827,1000014
1002827,1000016
1002837,1000235
1002837,1000236
1002846,1000195
1002846,1001942
1002855,1000012
1002855,1000015
1002855,1000308
1002855,1001308
1002864,1000016
1002864,1002861
1002914,1000016
1002914,1000260
1002918,1000012
1002918,1000015
1002918,1000086
1002948,1000014
1002964,1000611
1002968,1000439
1002979,1002976
1002996,1000195
1003028,1000236
1003039,1000393
1003039,1000529
1003039,1000530
1003095,1000155
1003095,1000158
1003113,1000394
1003136,1000491
1003136,1003133
1003255,1002059
1003275,1000235
1003275,1000236
1003275,1000545
1003301,1000393
1003301,1000529
1003301,1000530
1003344,1000308
1003344,1000439
1003344,1000440
1003361,1000611
1003375,1000012
1003375,1000015
1003375,1000308
1003375,1001308
1003385,1000393
1003385,1000529
1003385,1000530
1003401,1000308
1003473,1000014
1003473,1000195
1003478,1000015
1003478,1000574
1003545,1000012
1003545,1000015
1003626,1000012
1003626,1000014
1003626,1000015
1003626,1000016
1003626,1000546
1003630,1000611
1003668,1000195
1003668,1001942
1003672,1000236
1003680,1001942
1003743,1000016
1003743,1000245
1003752,1000195
1003752,1001942
1003761,1000308
1003761,1001308
1003765,1001308
1003793,1000012
1003793,1000015
1003793,1003790
1003801,1000014
1003801,1000016
1003801,1000891
1003875,1000611
1003925,1000394
1003969,1000308
1003969,1003966
1003991,1000014
1003991,1000016
1004018,1000195
1004018,1001942
1004023,1000012
1004023,1000015
1004083,1000393
1004083,1000529
1004083,1000530
1004123,1000308
1004128,1000235
1004128,1000236
1004144,1000012
1004144,1000015
1004164,1000013
1004164,1000014
1004164,1000016
1004164,1000838
1004164,1004149
1004201,1000100
1004201,1000102
1004201,1000392
1004201,1000393
1004201,1000720
1004201,1004185
1004201,1004186
1004231,1000308
1004231,1000393
1004231,1000439
1004231,1000529
1004231,1004227
1004231,1004228
1004235,1000235
1004235,1001383
1004265,1000195
1004265,1001942
1004279,1000012
1004279,1000015
1004354,1000014
1004378,1000309
1004378,1000394
1004378,1000718
1004378,1000719
1004431,1000236
1004486,1001942
1004495,1000012
1004495,1000015
1004495,1000890
1004495,1001413
1004495,1004490
1004495,1004491
1004495,1004492
1004507,1000016
1004507,1000610
1004564,1000016
1004569,1000102
1004569,1000158
1004569,1000195
1004609,1000012
1004609,1000015
1004628,1000012
1004628,1000015
1004628,1002976
1004659,1000236
1004677,1000611
1004677,1001618
1004688,1000016
1004692,1000308
1004705,1000016
1004705,1002861
1004773,1002158
1004788,1002792
1004797,1000393
1004797,1000529
1004797,1000530
1004829,1000393
1004829,1000529
1004829,1000530
1004857,1000015
1004857,1000574
1004877,1000611
1004957,1002158
1005049,1000235
1005049,1000236
1005084,1000393
1005084,1000529
1005084,1000530
1005098,1000012
1005098,1000014
1005098,1000015
1005098,1000016
1005098,1000545
1005098,1000546
1005115,1000393
1005115,1000529
1005115,1000530
1005140,1000012
1005140,1000015
1005140,1000561
1005140,1000999
1005164,1000236
1005186,1000012
1005186,1000015
1005186,1000308
1005186,1001308
1005210,1001308
1005216,1000012
1005216,1000015
1005216,1000999
1005225,1000439
1005262,1000236
1005330,1000491
1005342,1000014
1005342,1005332
1005396,1000308
1005396,1000392
1005452,1000016
1005452,1000560
1005452,1000562
1005452,1000891
1005497,1000012
1005497,1000015
1005497,1005478
1005511,1000012
1005511,1000015
1005521,1000308
1005521,1000439
1005521,1000440
1005521,1002701
1005525,1000195
1005525,1000427
1005525,1002701
1005548,1005536
1005633,1000015
1005633,1000574
1005652,1000102
1005652,1000155
1005652,1000156
1005652,1000393
1005652,1000529
1005652,1000720
1005652,1000721
1005652,1005635
1005657,1000012
1005657,1000015
1005657,1000308
1005657,1001308
1005662,1000393
1005662,1000529
1005662,1000530
1005716,1000014
1005733,1000012
1005733,1000015
1005733,1000439
1005743,1000393
1005743,1000529
1005743,1000530
1005743,1001413
1005748,1000014
1005779,1000195
1005790,1000393
1005790,1000529
1005790,1000530
1005808,1001413
1005808,1002701
1005831,1005827
1005847,1000236
1005881,1000012
1005881,1000015
1005881,1000491
1005881,1000999
1005881,1005869
1005890,1000014
1005890,1000546
1005899,1000236
1006007,1000195
1006007,1001942
1006030,1000016
1006030,1000631
1006034,1000014
1006034,1000546
1006057,1000611
1006075,1002701
1006080,1000012
1006080,1000015
1006080,1001413
1006080,1001552
1006080,1001553
1006085,1000393
1006085,1000529
1006085,1000530
1006113,1000393
1006113,1000529
1006113,1000530
1006127,1000236
1006169,1000393
1006169,1000529
1006169,1000530
1006202,1000014
1006202,1000016
1006202,1001704
1006217,1000308
1006242,1000012
1006242,1000015
1006260,1000236
1006271,1000308
1006302,1000016
1006302,1000631
1006306,1000611
1006311,1000235
1006311,1000236
1006325,1000012
1006325,1000015
1006325,1002976
1006367,1000012
1006367,1000014
1006367,1000015
1006367,1000016
1006367,1000546
1006413,1000016
1006413,1000261
1006488,1000012
1006488,1000015
1006488,1000102
1006488,1001013
1006488,1001014
1006488,1006484
1006488,1006485
1006492,1000012
1006492,1000015
1006515,1001413
1006559,1000236
1006563,1000016
1006563,1000560
1006563,1000891
1006583,1001965
1006605,1000236
1006623,1000611
1006631,1000195
1006631,1005827
1006657,1000016
1006657,1000560
1006657,1000562
1006657,1000891
1006666,1000611
1006692,1000560
1006727,1000014
1006749,1000235
1006749,1000236
1006810,1000308
1006810,1004227
1006839,1000393
1006839,1000529
1006839,1000530
1006851,1000012
1006851,1000014
1006851,1000015
1006851,1000016
1006851,1000546
1006880,1000439
1006896,1000016
1006896,1000158
1006896,1000891
1006909,1000012
1006909,1000015
1006939,1000012
1006939,1000015
1006939,1000308
1006939,1001308
1006948,1002792
1006956,1000157
1007007,1000393
1007007,1000529
1007007,1000530
1007022,1000561
1007022,1000999
1007022,1001438
1007022,1001439
1007036,1000015
1007036,1000574
1007045,1000016
1007045,1000245
1007096,1000235
1007096,1000236
1007125,1000012
1007125,1000015
1007125,1000308
1007125,1001308
1007172,1000393
1007172,1000529
1007172,1000530
1007183,1000102
1007183,1000308
1007183,1001013
1007183,1001014
1007198,1000012
1007198,1000015
1007198,1000016
1007207,1000308
1007207,1000439
1007218,1000308
1007226,1000155
1007226,1000158
1007287,1000016
1007287,1002861
1007335,1000195
1007335,1001942
1007359,1000426
1007363,1000012
1007363,1000015
1007434,1000016
1007434,1000155
1007434,1000158
1007434,1000245
1007482,1000101
1007482,1000309
1007482,1000394
1007482,1000718
1007482,1000719
1007501,1000102
1007501,1000133
1007501,1000134
1007501,1000155
1007501,1000156
1007506,1000393
1007506,1000529
1007506,1000530
1007523,1000561
1007536,1000393
1007536,1000529
1007536,1000530
1007575,1000439
1007620,1000308
1007620,1007608
1007642,1000392
1007642,1000393
1007642,1007639
1007703,1000012
1007703,1000015
1007719,1000012
1007719,1000014
1007719,1000015
1007719,1000016
1007719,1000546
1007745,1000016
1007745,1000890
1007745,1000891
1007745,1000999
1007745,1007733
1007762,1000012
1007762,1000015
1007762,1000308
1007762,1002976
1007797,1000394
1007802,1002701
1007904,1000236
1008002,1000016
1008050,1001308
1008095,1000016
1008095,1000890
1008095,1000891
1008095,1000999
1008095,1007733
1008100,1000016
1008100,1002861
1008115,1000235
1008115,1000236
1008119,1000236
1008128,1000012
1008128,1000308
1008128,1001308
1008151,1001552
1008168,1000195
1008168,1001942
1008258,1001413
1008258,1001552
1008268,1000235
1008268,1000236
1008279,1000016
1008305,1000012
1008305,1000015
1008385,1000012
1008385,1000015
1008385,1000308
1008385,1001308
1008397,1000015
1008397,1000574
1008415,1000393
1008415,1000529
1008415,1000530
1008420,1000012
1008420,1000015
1008469,1000236
1008482,1000308
1008482,1000392
1008602,1000195
1008602,1001942
1008614,1000012
1008614,1000014
1008614,1000015
1008614,1000016
1008648,1000012
1008648,1000308
1008648,1001308
1008710,1000235
1008710,1000236
1008715,1000014
1008724,1000014
1008754,1002158
1008774,1000015
1008774,1000574
1008774,1002158
1008796,1001413
1008801,1000195
1008801,1001773
1008801,1005827
1008835,1000611
1008835,1008823
1008848,1002976
1008864,1000014
1008864,1000016
1008945,1000012
1008945,1000015
1008945,1000308
1008945,1001308
1008950,1000195
1008950,1005827
1008980,1000012
1008980,1000015
1008980,1000308
1008980,1001308
1008995,1000561
1008995,1000999
1008995,1001438
1008995,1001439
1009018,1000393
1009018,1000529
1009018,1000530
1009039,1000393
1009039,1000529
1009039,1000530
1009039,1001308
1009043,1000016
1009043,1002861
1009084,1002792
1009111,1000016
1009111,1000890
1009111,1000891
1009111,1000999
1009111,1007733
1009122,1000611
1009135,1000308
1009156,1000012
1009156,1000015
1009156,1000155
1009156,1000158
1009156,1000308
1009156,1000838
1009167,1000012
1009167,1000015
1009167,1000225
1009167,1000575
1009188,1000014
1009207,1000012
1009207,1000015
1009207,1000439
1009245,1000012
1009245,1000015
1009282,1000012
1009282,1000015
1009282,1000016
1009282,1000310
1009282,1000393
1009282,1000838
1009282,1009279
1009318,1000235
1009318,1001383
1009326,1000016
1009326,1000891
1009351,1000393
1009351,1000529
1009351,1000530
1009360,1000439
1009384,1002976
1009402,1000012
1009402,1000015
1009402,1000225
1009402,1000575
1009455,1003790
1009459,1000016
1009459,1000891
1009503,1003790
1009514,1000236
1009544,1000102
1009544,1000155
1009544,1000158
1009553,1000015
1009553,1000308
1009553,1000574
1009562,1000014
1009562,1000016
1009584,1000195
1009584,1001942
1009597,1000195
1009597,1001942
1009611,1000491
1009611,1003133
1009667,1000394
1009690,1000015
1009690,1000574
1009708,1000016
1009708,1000631
1009740,1000102
1009740,1000155
1009740,1000158
1009740,1000308
1009740,1001013
1009740,1001014
1009780,1000308
1009780,1000393
1009780,1000439
1009780,1004227
1009780,1009768
1009792,1000012
1009792,1000015
1009792,1000308
1009792,1001308
1009820,1000394
1009830,1000194
1009889,1000012
1009889,1000015
1009889,1000224
1009889,1000225
1009889,1000226
1009889,1000426
1009889,1001942
1009895,1000155
1009895,1000426
1009908,1000016
1009908,1000560
1009908,1000562
1009908,1000891
1009927,1000235
1009927,1000236
1009956,1001413
1009982,1000012
1009982,1000015
1009982,1000158
1009982,1000308
1009982,1000545
1010047,1000015
1010047,1000561
1010047,1000574
1010083,1000016
1010083,1000560
1010083,1000562
1010083,1000891
1010103,1000308
1010103,1000439
1010103,1000440
1010161,1000195
1010181,1000308
1010231,1000086
1010256,1000086
1010315,1000611
1010315,1004149
1010315,1010301
1010315,1010302
1010323,1000308
1010329,1000102
1010329,1000133
1010329,1000134
1010329,1000155
1010329,1000156
1010340,1000016
1010340,1000245
1010354,1001413
1010392,1000158
1010396,1000195
1010433,1000012
1010433,1000015
1010455,1000016
1010455,1002861
1010464,1000195
1010464,1001942
1010543,1000394
1010564,1001413
1010571,1000155
1010571,1000158
1010580,1000016
1010580,1000245
1010589,1000016
1010589,1000560
1010589,1000891
1010634,1000012
1010634,1000014
1010634,1000015
1010634,1000016
1010634,1000546
1010671,1000235
1010671,1000236
1010681,1000393
1010681,1000529
1010681,1000530
1010686,1000012
1010686,1000015
1010686,1001413
1010686,1001552
1010686,1001553
1010691,1000394
1010756,1000194
1010813,1000394
1010817,1000611
1010826,1000014
1010826,1000016
1010858,1000012
1010858,1000015
1010858,1000999
1010869,1000236
1010891,1000016
1010914,1000195
1010914,1001942
1010933,1000561
1010949,1004227
1010988,1000491
1010988,1001942
1010988,1003133
1011018,1001618
1011038,1002158
1011055,1001553
1011055,1002158
1011079,1002158
1011088,1000393
1011088,1000529
1011088,1000530
1011110,1000394
1011110,1000718
1011110,1000719
1011144,1000016
1011144,1000631
1011162,1000016
1011162,1002861
1011162,1011159
1011170,1000016
1011170,1000891
1011183,1000393
1011183,1000529
1011183,1000530
1011198,1001413
1011240,1000012
1011240,1000014
1011240,1000015
1011240,1000016
1011240,1000546
1011247,1000491
1011247,1003133
1011253,1000016
1011318,1000491
1011318,1003133
1011340,1000235
1011340,1000236
1011355,1004227
1011400,1000308
1011400,1002976
1011411,1000308
1011416,1000491
1011427,1000014
1011438,1000308
1011438,1000439
1011438,1002976
1011438,1011435
1011446,1000308
1011481,1002701
1011508,1000393
1011508,1000529
1011508,1000530
1011528,1000016
1011532,1000012
1011532,1000015
1011541,1000426
1011546,1000561
1011558,1000102
1011558,1000158
1011558,1000195
1011570,1001413
1011570,1002701
1011583,1000016
1011637,1000393
1011637,1000529
1011637,1000530
1011654,1005332
1011689,1000394
1011689,1000718
1011689,1000719
1011727,1000393
1011727,1000529
1011727,1000530
1011756,1000195
1011756,1001942
1011783,1000012
1011783,1000015
1011783,1005478
1011795,1000195
1011795,1001942
1011820,1001308
1011842,1000012
1011842,1000015
1011842,1000225
1011842,1000575
1011847,1001965
1011869,1002158
1011913,1000014
1011913,1005332
1011957,1000308
1012063,1000195
1012063,1001942
1012120,1000015
1012120,1000574
1012135,1000102
1012135,1000155
1012135,1000156
1012135,1000393
1012135,1000529
1012135,1000720
1012135,1000721
1012135,1005635
1012150,1000394
1012173,1000195
1012173,1001942
1012179,1000087
1012179,1000308
1012179,1000439
1012179,1002976
1012179,1011435
1012199,1000012
1012199,1000014
1012199,1000015
1012199,1000016
1012199,1000546
1012249,1000016
1012260,1000308
1012312,1000611
1012370,1000999
1012375,1000393
1012375,1000529
1012375,1000530
1012425,1000195
1012437,1000102
1012437,1000158
1012510,1002976
1012526,1002158
1012534,1000308
1012542,1000611
1012542,1001618
1012586,1000195
1012586,1001942
1012595,1000393
1012595,1000529
1012595,1000530
1012616,1000012
1012616,1000014
1012616,1000015
1012616,1000016
1012616,1000546
1012629,1001413
1012658,1000014
1012704,1000393
1012704,1000529
1012704,1000530
1012736,1001413
1012799,1000236
1012803,1001308
1012886,1000195
1012886,1005827
1012908,1000308
1012926,1000015
1012926,1000574
1012941,1000308
1012946,1002792
1012982,1005827
1013033,1000308
1013038,1000195
1013038,1001942
1013052,1000016
1013052,1000631
1013069,1000394
1013094,1000236
1013127,1000102
1013127,1000155
1013127,1000158
1013127,1000308
1013127,1001013
1013127,1001014
1013152,1000195
1013152,1000427
1013160,1000016
1013210,1000394
1013290,1001618
1013314,1000393
1013314,1000529
1013314,1000530
1013318,1000308
1013318,1003966
1013339,1000195
1013339,1001942
1013359,1000015
1013359,1000574
1013359,1002158
1013363,1001942
1013369,1000012
1013369,1000015
1013369,1001413
1013369,1001552
1013369,1001553
1013437,1000012
1013437,1000015
1013437,1000225
1013437,1000575
1013455,1000561
1013455,1000999
1013467,1000012
1013467,1000308
1013467,1001308
1013491,1000561
1013491,1000999
1013491,1001438
1013491,1001439
1013524,1000426
1013548,1001618
1013555,1000195
1013555,1000427
1013581,1000015
1013581,1000102
1013581,1000156
1013581,1000561
1013581,1000574
1013693,1000016
1013693,1000561
1013693,1002861
1013701,1001308
1013714,1001773
1013765,1000014
1013770,1000195
1013770,1005827
1013823,1001413
1013823,1002701
1013833,1000561
1013833,1000999
1013833,1002158
1013869,1000308
1013869,1000439
1013869,1000529
1013869,1004227
1013869,1004228
1013896,1005332
1013953,1001413
1013953,1002701
1013966,1000393
1013966,1000529
1013966,1000530
1013970,1001413
1013991,1000155
1013991,1000158
1014021,1000012
1014021,1000015
1014021,1002976
1014048,1000236
1014062,1001308
1014085,1000195
1014099,1000012
1014099,1000015
1014099,1000308
1014099,1001308
1014127,1000012
1014127,1000014
1014127,1000015
1014127,1000016
1014127,1000546
1014152,1000016
1014152,1002861
1014178,1000016
1014178,1000560
1014178,1000891
1014245,1002158
1014272,1000235
1014272,1001383
1014293,1000235
1014293,1000236
1014346,1000012
1014346,1000015
1014346,1000999
1014371,1000308
1014371,1000439
1014371,1000440
1014379,1000308
1014427,1000560
1014442,1000012
1014442,1000015
1014442,1000308
1014442,1001308
1014480,1000012
1014480,1000308
1014480,1001308
1014503,1000012
1014503,1000014
1014503,1000015
1014503,1000016
1014503,1000546
1014507,1000012
1014507,1000015
1014507,1001308
1014515,1000016
1014515,1000560
1014515,1000891
1014556,1000235
1014556,1001383
1014576,1000102
1014576,1000155
1014576,1000158
1014576,1000195
1014587,1000012
1014587,1000308
1014587,1001308
1014622,1000102
1014622,1000155
1014622,1000158
1014622,1000195
1014710,1003790
1014718,1000393
1014718,1000529
1014718,1000530
1014750,1000012
1014750,1000015
1014750,1000225
1014750,1000575
1014768,1000012
1014768,1000015
1014777,1000195
1014777,1001942
1014790,1000393
1014790,1000529
1014790,1000530
1014799,1002976
1014810,1000236
1014820,1000308
1014833,1000235
1014833,1000236
1014841,1000014
1014885,1000392
1014885,1000393
1014885,1007639
1014885,1014870
1014890,1000016
1014890,1002861
1014894,1000308
1014894,1002976
1014906,1000392
1014906,1000611
1014906,1008823
1014906,1014903
1014911,1000012
1014911,1000014
1014911,1000015
1014911,1000016
1014911,1000543
1014911,1000546
1014963,1001308
1015010,1000308
1015018,1000195
1015018,1001942
1015045,1000491
1015075,1000015
1015075,1000574
1015075,1002059
1015100,1000014
1015128,1000439
1015160,1000157
1015169,1000999
1015208,1000012
1015208,1000015
1015208,1000086
1015248,1000014
1015248,1000546
1015262,1000393
1015262,1000529
1015262,1000530
1015266,1003790
1015275,1002158
1015306,1000308
1015396,1001308
1015435,1000426
1015460,1000102
1015460,1000158
1015460,1015450
1015495,1000012
1015495,1000015
1015495,1000086
1015523,1000393
1015523,1000529
1015523,1000530
1015546,1001413
1015555,1000012
1015555,1000015
1015555,1000158
1015555,1000308
1015555,1000545
1015622,1000394
1015622,1000890
1015655,1000394
1015660,1000015
1015660,1000574
1015667,1001413
1015685,1000087
1015685,1000308
1015685,1000439
1015685,1000561
1015685,1002976
1015685,1011435
1015711,1000195
1015771,1000012
1015771,1000014
1015771,1000015
1015771,1000016
1015771,1000546
1015776,1000014
1015776,1000195
1015820,1000195
1015820,1000427
1015820,1000491
1015837,1000016
1015837,1000561
1015837,1002861
1015845,1000014
1015859,1000195
1015859,1001942
1015889,1000236
1015956,1000392
1015956,1000393
1015956,1007639
1015971,1000012
1015971,1000014
1015971,1000015
1015971,1000016
1015975,1000308
1016007,1000236
1016034,1000195
1016034,1005827
1016063,1000012
1016063,1000308
1016063,1001308
1016073,1000014
1016073,1000393
1016073,1000529
1016073,1000530
1016092,1000016
1016101,1001413
1016101,1002701
1016106,1000012
1016106,1000014
1016106,1000015
1016106,1000016
1016106,1000546
1016123,1000015
1016123,1000574
1016181,1000012
1016181,1000015
1016181,1000086
1016225,1000014
1016225,1000016
1016240,1000236
1016255,1000012
1016255,1000015
1016255,1000087
1016255,1000145
1016288,1000016
1016288,1002861
1016312,1000611
1016326,1000393
1016326,1000529
1016326,1000530
1016348,1003790
1016389,1000012
1016389,1000015
1016413,1000491
1016423,1000016
1016442,1000012
1016442,1000015
1016544,1000394
1016544,1000826
1016544,1016530
1016544,1016531
1016570,1000014
1016601,1000155
1016601,1000158
1016615,1000012
1016615,1000015
1016623,1000102
1016623,1000155
1016623,1000156
1016623,1000393
1016623,1000529
1016623,1000720
1016623,1000721
1016623,1005635
1016628,1002976
1016701,1000012
1016701,1000015
1016701,1000086
1016716,1001413
1016716,1002701
1016732,1000015
1016732,1000574
1016743,1000012
1016743,1000015
1016743,1000308
1016743,1001308
1016807,1000012
1016807,1000015
1016807,1000308
1016807,1001308
1016871,1005827
1016887,1000236
1016928,1000012
1016928,1000015
1016928,1001413
1016928,1001552
1016928,1001553
1016935,1000195
1016935,1000880
1016968,1000012
1016968,1000308
1016968,1001308
1017029,1000999
1017086,1000543
1017100,1000195
1017112,1000016
1017112,1000891
1017154,1000308
1017154,1000439
1017154,1000510
1017162,1000016
1017162,1000631
1017218,1000012
1017218,1000014
1017218,1000015
1017218,1000016
1017218,1000546
1017252,1000561
1017252,1000999
1017252,1001438
1017252,1001439
1017256,1000016
1017256,1000394
1017256,1002861
1017260,1000393
1017260,1000529
1017260,1000530
1017269,1000012
1017269,1000014
1017269,1000015
1017269,1000016
1017284,1000012
1017284,1000015
1017284,1000491
1017284,1000999
1017284,1005869
1017308,1000195
1017308,1001942
1017375,1000014
1017375,1000016
1017412,1000394
1017412,1017400
1017416,1000308
1017416,1000439
1017420,1000235
1017420,1001383
1017434,1000016
1017434,1000560
1017434,1000562
1017434,1000891
1017464,1001308
1017497,1001413
1017525,1001413
1017538,1000308
1017542,1000611
1017550,1000102
1017550,1000155
1017550,1000156
1017550,1000393
1017550,1000529
1017550,1000720
1017550,1000721
1017550,1005635
1017628,1002976
1017637,1004149
1017673,1000308
1017673,1001618
1017673,1017662
1017700,1000235
1017700,1000236
1017741,1000015
1017741,1000574
1017787,1000308
1017817,1000235
1017817,1000236
1017879,1000236
1017895,1000014
1017916,1000394
1017924,1000195
1017924,1000427
1017962,1000308
1018030,1000491
1018065,1000100
1018065,1000102
1018065,1000155
1018065,1000158
1018065,1000393
1018065,1000720
1018065,1004186
1018065,1018050
1018073,1000012
1018073,1000015
1018073,1000426
1018085,1001413
1018137,1000308
1018141,1000236
1018170,1000561
1018170,1000890
1018170,1000999
1018188,1000014
1018188,1000016
1018211,1000236
1018218,1000012
1018218,1000014
1018218,1000015
1018218,1000016
1018218,1000546
1018222,1000012
1018222,1000308
1018222,1001308
1018274,1000012
1018274,1000015
1018282,1002059
1018295,1002701
1018295,1005827
1018304,1000158
1018304,1001282
1018348,1000491
1018375,1000012
1018375,1000014
1018375,1000015
1018375,1000016
1018375,1000546
1018396,1000012
1018396,1000015
1018418,1002792
1018442,1000102
1018442,1000155
1018442,1000156
1018442,1000393
1018442,1000529
1018442,1000720
1018442,1000721
1018442,1005635
1018500,1000014
1018500,1000016
1018514,1000491
1018524,1005827
1018549,1000491
1018567,1000611
1018584,1000439
1018601,1000394
1018606,1000102
1018606,1000158
1018606,1000195
1018639,1000545
1018639,1001413
1018639,1010302
1018769,1002158
1018824,1000015
1018824,1000574
1018836,1000489
1018836,1000492
1018836,1018827
1018854,1000235
1018854,1000236
1018864,1000195
1018864,1001942
1018881,1000394
1018979,1000308
1018979,1000392
1018987,1000308
1018991,1000014
1018991,1000611
1018991,1004149
1018997,1000012
1018997,1000014
1018997,1000015
1018997,1000016
1018997,1000546
1019033,1001413
1019033,1002701
1019053,1001942
1019066,1000195
1019066,1005827
1019130,1002976
1019180,1000015
1019180,1000574
1019180,1002059
1019189,1001413
1019202,1000195
1019202,1001942
1019241,1000012
1019241,1000015
1019254,1000016
1019254,1000560
1019254,1000562
1019254,1000891
1019306,1000012
1019306,1000015
1019306,1000999
1019310,1001413
1019310,1001552
1019315,1000016
1019331,1000236
1019337,1000015
1019337,1000102
1019337,1000132
1019337,1000133
1019337,1000134
1019337,1000156
1019337,1000574
1019342,1001413
1019351,1000194
1019366,1000611
1019458,1000308
1019458,1000392
1019465,1000491
1019465,1003133
1019487,1000195
1019487,1001942
1019502,1000308
1019510,1000015
1019510,1000574
1019510,1002059
1019518,1000308
1019533,1000195
1019533,1001942
1019550,1000102
1019550,1000155
1019550,1000158
1019550,1000195
1019550,1000720
1019550,1000721
1019571,1000015
1019571,1000574
1019571,1002059
1019603,1000012
1019603,1000308
1019603,1001308
1019617,1000195
1019617,1001942
1019622,1000235
1019622,1000236
1019652,1000012
1019652,1000015
1019652,1000086
1019724,1000016
1019735,1000012
1019735,1000015
1019735,1000132
1019735,1003790
1019779,1001413
1019790,1000012
1019790,1000015
1019790,1000225
1019790,1000575
1019794,1000016
1019844,1000235
1019844,1000236
1019873,1000611
1019936,1000195
1019936,1001942
1020024,1000235
1020024,1000236
1020044,1000309
1020044,1000394
1020074,1000195
1020074,1001942
1020079,1000195
1020108,1000235
1020108,1000236
1020122,1000157
1020143,1000195
1020143,1001942
1020148,1001773
1020160,1000236
1020172,1000012
1020172,1000015
1020172,1000235
1020172,1000308
1020172,1001308
1020172,1001383
1020211,1000012
1020211,1000015
1020223,1000014
1020279,1000236
1020288,1000235
1020288,1001383
1020293,1000393
1020293,1000529
1020293,1000530
1020299,1000308
1020299,1000439
1020299,1002976
1020299,1011435
1020366,1000012
1020366,1000015
1020366,1000225
1020366,1000575
1020395,1000158
1020395,1000392
1020395,1000394
1020395,1000489
1020395,1000492
1020399,1000491
1020407,1000195
1020407,1001942
1020470,1000015
1020470,1000574
1020470,1000575
1020489,1000012
1020489,1000014
1020489,1000015
1020489,1000016
1020489,1000545
1020489,1000546
1020500,1000236
1020518,1000308
1020518,1002976
1020526,1000016
1020526,1000560
1020526,1000891
1020554,1000393
1020554,1000529
1020554,1000530
1020558,1001413
1020571,1000015
1020571,1000393
1020571,1000574
1020571,1000838
1020571,1001413
1020571,1020568
1020641,1000194
1020654,1000016
1020654,1000631
1020703,1000016
1020703,1002159
1020716,1001413
1020802,1000102
1020802,1000156
1020802,1000158
1020802,1005635
1020809,1000393
1020809,1000529
1020809,1000530
1020809,1005827
1020834,1000236
1020858,1000102
1020858,1000155
1020858,1000158
1020858,1000195
1020862,1000561
1020883,1000012
1020883,1000308
1020883,1001308
1020887,1000016
1020887,1000560
1020887,1000891
1020897,1001413
1020897,1002701
1020928,1001413
1020932,1001413
1020944,1000012
1020944,1000014
1020944,1000015
1020944,1000016
1020944,1000546
1020984,1001413
1021013,1000195
1021013,1001942
1021043,1000235
1021043,1000236
1021047,1000308
1021055,1000016
1021075,1000016
1021121,1000012
1021121,1000015
1021121,1001413
1021121,1001552
1021121,1001553
1021137,1000015
1021137,1000574
1021137,1002158
1021150,1000491
1021188,1000308
1021208,1000393
1021208,1000529
1021208,1000530
1021250,1000012
1021250,1000308
1021250,1001308
1021260,1000308
1021260,1000393
1021260,1021257
1021283,1000016
1021283,1002861
1021301,1000015
1021301,1000574
1021301,1000575
1021306,1001965
1021319,1003790
1021324,1000195
1021324,1001942
1021344,1000393
1021344,1000529
1021344,1000530
1021389,1001413
1021389,1001552
1021423,1003790
1021452,1000195
1021452,1001942
1021470,1000195
1021470,1001942
1021484,1000012
1021484,1000015
1021484,1003790
1021538,1000012
1021538,1000015
1021538,1001308
1021580,1000561
1021580,1000999
1021580,1001438
1021580,1001439
1021599,1000012
1021599,1000015
1021608,1000308
1021656,1000195
1021656,1001942
1021698,1000195
1021698,1001942
1021705,1000195
1021705,1000427
1021733,1000195
1021741,1000308
1021750,1001942
1021776,1000394
1021780,1000236
1021829,1000012
1021829,1000308
1021829,1001308
1021833,1000308
1021837,1000195
1021837,1000427
1021843,1000439
1021858,1000014
1021858,1000016
1021993,1000308
1021993,1000439
1021993,1000440
1021993,1002701
1022045,1000393
1022045,1000529
1022045,1000530
1022073,1000195
1022073,1001942
1022083,1000308
1022083,1002976
1022119,1000611
1022123,1000016
1022123,1002861
1022128,1000102
1022128,1000132
1022128,1000156
1022128,1000157
1022128,1000158
1022138,1000195
1022163,1000236
1022174,1000439
1022183,1001308
1022197,1000308
1022202,1000015
1022202,1000574
1022202,1000575
1022207,1000235
1022207,1000236
1022233,1000012
1022233,1000015
1022233,1000225
1022233,1000575
1022300,1000012
1022300,1000308
1022300,1001308
1022300,1007733
1022314,1000561
1022314,1000999
1022314,1001438
1022314,1001439
1022324,1000543
1022351,1000491
1022351,1003133
1022420,1000012
1022420,1000014
1022420,1000015
1022420,1000016
1022420,1000546
1022442,1002059
1022454,1000014
1022496,1000012
1022496,1000015
1022496,1000308
1022504,1000016
1022509,1000012
1022509,1000015
1022509,1000308
1022509,1001308
1022509,1002158
1022527,1000012
1022527,1000015
1022536,1000560
1022568,1000016
1022568,1000245
1022568,1005536
1022656,1000015
1022656,1000574
1022680,1000012
1022680,1000308
1022680,1001308
1022790,1000087
1022790,1000308
1022790,1000439
1022790,1000561
1022790,1002976
1022790,1011435
1022809,1000235
1022809,1000236
1022843,1000012
1022843,1000014
1022843,1000015
1022843,1000016
1022843,1000546
1022886,1000012
1022886,1000015
1022886,1000561
1022886,1000999
1022949,1002792
1022967,1000102
1022967,1000133
1022967,1000134
1022967,1000155
1022967,1000156
1022993,1000012
1022993,1000015
1023035,1000236
1023064,1000308
1023107,1000014
1023107,1000016
1023153,1000236
1023229,1000308
1023229,1000439
1023229,1000440
1023239,1000102
1023239,1000156
1023239,1002701
1023239,1023236
1023252,1000561
1023263,1000236
1023268,1000101
1023268,1000394
1023268,1000718
1023268,1000719
1023276,1000308
1023276,1002792
1023284,1000491
1023319,1000012
1023319,1000308
1023319,1001308
1023365,1002158
1023393,1000308
1023393,1003966
1023408,1000236
1023466,1000195
1023492,1000393
1023492,1000529
1023492,1000530
1023497,1000015
1023497,1000574
1023552,1000393
1023552,1000529
1023552,1000530
1023562,1000195
1023562,1001942
1023618,1000015
1023618,1000574
1023618,1000575
1023623,1000012
1023623,1000015
1023671,1005332
1023696,1000393
1023696,1000529
1023696,1000530
1023714,1000012
1023714,1000015
1023736,1000016
1023746,1000015
1023746,1000574
1023757,1001413
1023765,1000195
1023788,1000999
1023808,1000016
1023808,1002861
1023857,1000012
1023857,1000015
1023857,1001413
1023857,1001552
1023857,1001553
1023879,1001413
1023879,1023865
1023919,1000014
1023919,1000546
1023945,1002473
1023986,1000012
1023986,1000015
1024002,1000308
1024006,1002792
1024041,1001413
1024041,1001552
1024079,1001413
1024102,1000013
1024102,1000490
1024102,1000491
1024113,1000016
1024113,1000560
1024113,1000562
1024113,1000891
1024119,1000015
1024119,1000574
1024134,1000393
1024134,1000529
1024134,1000530
1024138,1000155
1024138,1000158
1024138,1004149
1024143,1000012
1024143,1000014
1024143,1000015
1024143,1000016
1024143,1000546
1024151,1000308
1024151,1000611
1024151,1007608
1024167,1000236
1024180,1000308
1024194,1001308
1024208,1000012
1024208,1000015
1024208,1003790
1024220,1000012
1024220,1000014
1024220,1000015
1024220,1000016
1024220,1000546
1024251,1000308
1024251,1000439
1024251,1000510
1024271,1000195
1024271,1001942
1024302,1000015
1024302,1000574
1024302,1002059
1024313,1000101
1024313,1000195
1024313,1000491
1024318,1003790
1024391,1000016
1024415,1000999
1024432,1000012
1024432,1000015
1024432,1000225
1024432,1000575
1024517,1000489
1024517,1000492
1024517,1018827
1024556,1000236
1024624,1000393
1024624,1000529
1024624,1000530
1024634,1000308
1024634,1000439
1024654,1000012
1024654,1000015
1024654,1001413
1024654,1001552
1024654,1001553
1024710,1000016
1024728,1000195
1024728,1001942
1024738,1000439
1024753,1000102
1024753,1000158
1024753,1000195
1024778,1000012
1024778,1000015
1024778,1000308
1024778,1001308
1024824,1000236
1024837,1000012
1024837,1000015
1024837,1001308
1024855,1000308
1024855,1000392
1024855,1001965
1024871,1000015
1024871,1000574
1024871,1002158
1024879,1001942
1024903,1000394
1024930,1000012
1024930,1000015
1024934,1000195
1024934,1001942
1024934,1002158
1024939,1000100
1024939,1000102
1024939,1000155
1024939,1000158
1024939,1000393
1024939,1000720
1024939,1004186
1024939,1018050
1024948,1003790
1025001,1000560
1025086,1000016
1025086,1000890
1025086,1000891
1025086,1000999
1025086,1007733
1025129,1000308
1025129,1004490
1025129,1004492
1025129,1007608
1025133,1002976
1025168,1000236
1025251,1001773
1025281,1000012
1025281,1000015
1025281,1000439
1025311,1000016
1025323,1000235
1025323,1000236
1025328,1000394
1025341,1000308
1025364,1000236
1025427,1000561
1025452,1000012
1025452,1000015
1025469,1000308
1025493,1001413
1025493,1002701
1025502,1002158
1025575,1000012
1025575,1000015
1025589,1000194
1025593,1000016
1025593,1001413
1025622,1000012
1025622,1000015
1025622,1001413
1025622,1001552
1025622,1001553
1025659,1000235
1025659,1000236
1025659,1000393
1025659,1000529
1025659,1000530
1025701,1000491
1025701,1003133
1025758,1000012
1025758,1000015
1025758,1000308
1025758,1001308
1025775,1000491
1025775,1003133
1025858,1000394
1025873,1000394
1025907,1000012
1025907,1000015
1025907,1000155
1025907,1000158
1025907,1000308
1025907,1000838
1025919,1000102
1025919,1000158
1025919,1000195
1025929,1000308
1025929,1000439
1025929,1000440
1025951,1000016
1025951,1000245
1026024,1000611
1026024,1026013
1026024,1026014
1026028,1000014
1026032,1000308
1026068,1000012
1026068,1000015
1026068,1001413
1026068,1001552
1026068,1001553
1026083,1000012
1026083,1000015
1026083,1000225
1026083,1000226
1026144,1000014
1026167,1000102
1026167,1000158
1026167,1000195
1026175,1000235
1026175,1001383
1026197,1000393
1026197,1000529
1026197,1000530
1026244,1000158
1026251,1000195
1026251,1000427
1026271,1000012
1026271,1000308
1026271,1001308
1026293,1000195
1026293,1001942
1026301,1000015
1026301,1000574
1026381,1000087
1026381,1000308
1026381,1000439
1026381,1000561
1026381,1002976
1026381,1011435
1026423,1000393
1026423,1000529
1026423,1000530
1026431,1000236
1026478,1000611
1026478,1000722
1026478,1026465
1026497,1000236
1026530,1000012
1026530,1000015
1026530,1000308
1026530,1001308
1026537,1000195
1026537,1000427
1026563,1000236
1026610,1000235
1026610,1001383
1026629,1000393
1026629,1000529
1026629,1000530
1026668,1000016
1026668,1002861
1026703,1000012
1026703,1000014
1026703,1000015
1026703,1000016
1026703,1000546
1026718,1002976
1026747,1000393
1026747,1000529
1026747,1000530
1026779,1001413
1026779,1001552
1026813,1000393
1026813,1000529
1026813,1000530
1026831,1000561
1026836,1000102
1026836,1000308
1026836,1001013
1026836,1001014
1026836,1006484
1026836,1006485
1026844,1002158
1026848,1000014
1026856,1000016
1026885,1000235
1026885,1000236
1026917,1000195
1026917,1001942
1026970,1000308
1026990,1001308
1027015,1001413
1027038,1000308
1027038,1000439
1027038,1000529
1027038,1004228
1027061,1000308
1027061,1000393
1027061,1000439
1027061,1004227
1027061,1009768
1027076,1000308
1027093,1005332
1027099,1001413
1027136,1000012
1027136,1000015
1027136,1001413
1027136,1002701
1027150,1000016
1027154,1000016
1027154,1001773
1027186,1000236
1027215,1000195
1027215,1001942
1027219,1001413
1027281,1000611
1027313,1027300
1027323,1000393
1027323,1000529
1027323,1000530
1027387,1000393
1027387,1000529
1027387,1000530
1027410,1001552
1027499,1000235
1027499,1000236
1027508,1000308
1027514,1000235
1027514,1000236
1027550,1000014
1027575,1000014
1027610,1000012
1027610,1000015
1027610,1000308
1027610,1001308
1027627,1000012
1027627,1000015
1027627,1000308
1027627,1001308
1027704,1000308
1027759,1000013
1027759,1000014
1027759,1000016
1027759,1000838
1027759,1004149
1027787,1000195
1027787,1001942
1027822,1000012
1027822,1000014
1027822,1000015
1027822,1000016
1027822,1000546
1027847,1000016
1027847,1000631
1027895,1000236
1027918,1000014
1027918,1000016
1027943,1000491
1027943,1003133
1027979,1000195
1028007,1000012
1028007,1000015
1028012,1000016
1028051,1002158
1028069,1000155
1028069,1000426
1028098,1000016
1028098,1000245
1028098,1005536
1028118,1000235
1028118,1000236
1028128,1000439
1028137,1000308
1028137,1000439
1028137,1000510
1028143,1000439
1028156,1000611
1028165,1000012
1028165,1000015
1028180,1000308
1028180,1000393
1028180,1000439
1028180,1004227
1028180,1009768
1028208,1000015
1028208,1000574
1028212,1000394
1028233,1000015
1028233,1000574
1028283,1000308
1028370,1001413
1028437,1000235
1028437,1001383
1028484,1000308
1028531,1000014
1028531,1000016
1028543,1000012
1028543,1000014
1028543,1000015
1028543,1000016
1028543,1000546
1028590,1000235
1028590,1000236
1028605,1000195
1028605,1001942
1028618,1000236
1028629,1000155
1028629,1000426
1028646,1000016
1028646,1000891
1028695,1000014
1028733,1000016
1028742,1000016
1028763,1000012
1028763,1000015
1028763,1001413
1028763,1001552
1028763,1001553
1028772,1000015
1028772,1000574
1028786,1000016
1028786,1002861
1028802,1000012
1028802,1000015
1028802,1001413
1028802,1001552
1028802,1001553
1028813,1000014
1028907,1000393
1028907,1000529
1028907,1000530
1028960,1000012
1028960,1000308
1028960,1001308
1028981,1000393
1028981,1000529
1028981,1000530
1029023,1000394
1029023,1000718
1029023,1000719
1029023,1000826
1029052,1000012
1029052,1000015
1029052,1000102
1029052,1001013
1029052,1001014
1029052,1006484
1029052,1006485
1029093,1000012
1029093,1000015
1029101,1000155
1029101,1000158
1029101,1000611
1029111,1000235
1029111,1001383
1029131,1000012
1029131,1000015
1029131,1000426
1029167,1000236
1029177,1000016
1029181,1000308
1029181,1000439
1029190,1000102
1029190,1000158
1029190,1000195
1029213,1002158
1029237,1000016
1029237,1002861
1029292,1000394
1029304,1002158
1029309,1005332
1029318,1000012
1029318,1000015
1029326,1000195
1029326,1001965
1029335,1000561
1029335,1000999
1029335,1001438
1029368,1000016
1029368,1000260
1029411,1000394
1029435,1000014
1029449,1000016
1029461,1001413
1029476,1000236
1029518,1000308
1029518,1000392
1029532,1000195
1029540,1000014
1029540,1000016
1029553,1000236
1029590,1001552
1029596,1000491
1029596,1003133
1029613,1000015
1029613,1000574
1029613,1002059
1029640,1000309
1029640,1000394
1029660,1000087
1029660,1000308
1029660,1000439
1029660,1002976
1029660,1011435
1029667,1000393
1029667,1000529
1029667,1000530
1029674,1000308
1029702,1000012
1029702,1000015
1029702,1000155
1029702,1000158
1029702,1000308
1029702,1000545
1029778,1000308
1029778,1000439
1029778,1000529
1029778,1004228
1029816,1000394
1029825,1003790
1029852,1000102
1029852,1000155
1029852,1000158
1029852,1000195
1029867,1000015
1029867,1000574
1029867,1000575
1029873,1000158
1029881,1000015
1029881,1000574
1029881,1002059
1029940,1000236
1029969,1000012
1029969,1000015
1029969,1001413
1029969,1001552
1029969,1001553
1029985,1000012
1029985,1000308
1029985,1001308
1030022,1000194
1030099,1001308
1030108,1000491
1030122,1000439
1030170,1000439
1030184,1002158
1030191,1000308
1030191,1000392
1030197,1000308
1030197,1000439
1030197,1000440
1030197,1002701
1030224,1000012
1030224,1000014
1030224,1000015
1030224,1000016
1030224,1000546
1030271,1000012
1030271,1000308
1030271,1001308
1030305,1000016
1030305,1000891
1030313,1000015
1030313,1000574
1030317,1000016
1030389,1002976
1030433,1000236
1030437,1002059
1030443,1000308
1030443,1000439
1030443,1002976
1030443,1011435
1030463,1000235
1030463,1000236
1030507,1000308
1030507,1000392
1030548,1002158
1030657,1017400
1030714,1000426
1030723,1000014
1030735,1000016
1030735,1000261
1030759,1000101
1030759,1000394
1030759,1000718
1030759,1000719
1030771,1000439
1030789,1000393
1030789,1000529
1030789,1000530
1030885,1000308
1030885,1003966
1030893,1000393
1030893,1000529
1030893,1000530
1030909,1000012
1030909,1000015
1030926,1000393
1030926,1000529
1030926,1000530
1030971,1000235
1030971,1000236
1030989,1000393
1030989,1000529
1030989,1000530
1031003,1000158
1031026,1000235
1031026,1000236
1031061,1004149
1031109,1000016
1031109,1002861
1031133,1003790
1031143,1000016
1031143,1000245
1031143,1005536
1031194,1000394
1031194,1000826
1031257,1000016
1031271,1003790
1031354,1000235
1031354,1000236
1031380,1000012
1031380,1000015
1031380,1000102
1031380,1000155
1031380,1000158
1031380,1000308
1031380,1000545
1031380,1001014
1031384,1000308
1031397,1000308
1031397,1000439
1031397,1000529
1031397,1004228
1031403,1000012
1031403,1000015
1031403,1000561
1031403,1000999
1031430,1000012
1031430,1000014
1031430,1000015
1031430,1000016
1031451,1000012
1031451,1000308
1031451,1001308
1031488,1000308
1031488,1000439
1031488,1031485
1031499,1000012
1031499,1000015
1031499,1000308
1031499,1001308
1031553,1000194
1031573,1000194
1031607,1000235
1031607,1001383
1031616,1000195
1031616,1000393
1031616,1000529
1031616,1000530
1031616,1005827
1031637,1000611
1031660,1002792
1031743,1000308
1031747,1000014
1031747,1000546
1031751,1000015
1031751,1000574
1031751,1002059
1031756,1000195
1031756,1001942
1031796,1000012
1031796,1000015
1031796,1000561
1031796,1000999
1031800,1000236
1031825,1000012
1031825,1000015
1031825,1000086
1031825,1003790
1031846,1000393
1031846,1000529
1031846,1000530
